﻿<?xml version="1.0" encoding="UTF-8" standalone="yes"?>
<SUN_SCHEMA>
	<row table="BLOCK_" node="BLOCK_ID" name="Mã"/>
	<row table="BLOCK_" node="BLOCK_NAME" name="TênBlock"/>
	<row table="BLOCK_" node="SHORT_NAME" name="TênTắt"/>
  <row table="BLOCK_" node="GROUND_AREA" name="DiệnTíchMặtBằng" type="N1"/>
  <row table="BLOCK_" node="CONSTRUCTION_AREA" name="DiệnTíchXD" type="N1"/>
  <row table="BLOCK_" node="NUMBER_OF_LEVEL" name="TổngSốTầng" type="N1"/>
  <row table="BLOCK_" node="NUMBER_OF_BASEMENT" name="SốTầngNgầm" type="N1"/>
  <row table="BLOCK_" node="NUMBER_OF_PROPERTY" name="SốĐBS" type="N1"/>
  <row table="BLOCK_" node="NUMBER_OF_PARKING" name="SốBãiĐổXe" type="N1"/>
	<row table="BLOCK_" node="START_DATE" name="NgàyBắtĐầu" type="SDN"/>
	<row table="BLOCK_" node="END_DATE" name="NgàyKếtThúc" type="SDN"/>
	<row table="BLOCK_" node="MOVE_IN_DATE" name="NgàyGiaoNhà" type="SDN"/>
</SUN_SCHEMA>
