﻿<?xml version="1.0" encoding="UTF-8" standalone="yes"?>
<SUN_SCHEMA>
	<row table="BLOCK" node="BLOCK_ID" name="Mã"/>
	<row table="BLOCK" node="BLOCK_NAME" name="TênBlock"/>
	<row table="BLOCK" node="SHORT_NAME" name="TênTắt"/>
	<row table="BLOCK" node="REFERENCE_NO_1" name="SốThamChiếu_1"/>
	<row table="BLOCK" node="REFERENCE_NO_2" name="SốThamChiếu_2"/>
	<row table="BLOCK" node="BLOCK_STATUS" name="TìnhTrạng"/>
	<row table="BLOCK" node="GROUND_AREA" name="DiệnTíchMặtBằng" type="N1"/>
	<row table="BLOCK" node="CONSTRUCTION_AREA" name="DiệnTíchXD" type="N1"/>
	<row table="BLOCK" node="LICENSED_GROUND_AREA" name="DiệnTíchĐấtCấpPhép" type="N1"/>
	<row table="BLOCK" node="LICENSED_CONSTRUCTION_AREA" name="DiệnTíchXDĐượcCấp" type="N1"/>
	<row table="BLOCK" node="NUMBER_OF_LEVEL" name="TổngSốTầng" type="N1"/>
	<row table="BLOCK" node="NUMBER_OF_BASEMENT" name="SốTầngNgầm" type="N1"/>
	<row table="BLOCK" node="NUMBER_OF_PROPERTY" name="SốĐBS" type="N1"/>
	<row table="BLOCK" node="NUMBER_OF_PARKING" name="SốBãiĐổXe" type="N1"/>
	<row table="BLOCK" node="BLOCK_TYPE" name="Loại"/>
	<row table="BLOCK" node="START_DATE" name="NgàyBắtĐầu" type="SDN"/>
	<row table="BLOCK" node="END_DATE" name="NgàyKếtThúc" type="SDN"/>
	<row table="BLOCK" node="PRESALE_DATE" name="NgàyPresale" type="SDN"/>
	<row table="BLOCK" node="MOVE_IN_DATE" name="NgàyGiaoNhà" type="SDN"/>
	<row table="BLOCK" node="RESPONSIBILITY_TEAM" name="ChịuTráchNhiệm"/>
	<row table="BLOCK" node="SHARE_SPACE_DESC" name="MôTảKhôngGianChung"/>
	<row table="BLOCK" node="REMARKS" name="GhiChú"/>	
</SUN_SCHEMA>
