﻿<?xml version="1.0" encoding="UTF-8" standalone="yes"?>
<SUN_SCHEMA>
	<row table="CONTACT_" node="FIRST_NAME" name="Họ"/>
	<row table="CONTACT_" node="MIDDLE_NAME" name="ChữLót"/>
	<row table="CONTACT_" node="LAST_NAME" name="Tên"/>	
	<row table="CONTACT_" node="DISPLAY_NAME" name="HọVàTên"/>
	<row table="CONTACT_" node="DEAR_NAME" name="TênTắt"/>
	<row table="CONTACT_" node="COMPANY_ID" name="CôngTy"/>
	<row table="CONTACT_" node="JOB_TITLE" name="ChứcVụ"/>
	<row table="CONTACT_" node="DEPARTMENT" name="PhòngBan"/>
	<row table="CONTACT_" node="OFFICE" name="VănPhòng"/>
	<row table="CONTACT_" node="W_PHONE" name="ĐiệnThoại"/>
	<row table="CONTACT_" node="W_EMAIL" name="Email"/>
	<row table="CONTACT_" node="W_FAX" name="Fax"/>
	<row table="CONTACT_" node="WEBSITE" name="Website"/>	
</SUN_SCHEMA>
