﻿<?xml version="1.0" encoding="utf-8" standalone="yes"?>
<SUN_SCHEMA>
	<row table="CONTRACT" node="CONTRACT_ID" name="MãGiaoDịch"/>
	<row table="CONTRACT" node="TITLE" name="Diễngiải" />
	<row table="CONTRACT" node="CONTRACT_IDORG" name="GiaoDịchGốc"/>
	<row table="CONTRACT" node="CONTRACT_IDLAST" name="GiaoDịchTrước"/>	
	<row table="CONTRACT" node="CUS_IDLAST" name="KháchHàngTrước"/>
	<row table="CONTRACT" node="CONTRACT_IDNEXT" name="GiaoDịchKế"/>
	<row table="CONTRACT" node="CUS_IDNEXT" name="KháchHàngKế"/>
	<row table="CONTRACT" node="ENTITY3" name="KHKế_Record" type="S" />
	<row table="CONTRACT" node="EXT_DESC10" name="MãHợpĐồng" />
	<row table="CONTRACT" node="CONTR_DATE" name="NgàyHợpĐồng" type="SDN"/>	
	<row table="CONTRACT" node="DEPOSIT_CONTR" name="MãĐặtCọc"/>
	<row table="CONTRACT" node="DEPOSIT_DATE" name="NgàyĐặtCọc" type="SDN"/>
	<row table="CONTRACT" node="TRANSFER_CONTR" name="MãChuyểnNhượng"/>
	<row table="CONTRACT" node="TRANSFER_DATE" name="NgàyChuyểnNhượng" type="SDN"/>
	<row table="CONTRACT" node="HANDOVER_CONTR" name="MãBànGiao"/>
	<row table="CONTRACT" node="HANDOVER_DATE" name="NgàyBànGiao" type="SDN"/>
	<row table="CONTRACT" node="REVOCATORY_CONTR" name="MãKếtThúc"/>
	<row table="CONTRACT" node="REVOCATORY_DATE" name="NgàyKếtThúc" type="SDN"/>	
	<row table="CONTRACT" node="CONTR_TYPE" name="TìnhTrạng"/>
	<row table="CONTRACT" node="CONTR_TYPE_" name="TìnhTrạng_Record" type="S"/>
	<row table="CONTRACT" node="CUS_ID" name="MãKháchHàng" />
	<row table="CONTRACT" node="ENTITY1" name="KháchHàng_Record" type="S"/>
	<row table="CONTRACT" node="PROPERTY_ID" name="MãCănHộ"/>
	<row table="CONTRACT" node="PROPERTY_" name="CănHộ_Record" type="S" />
	<row table="CONTRACT" node="SALE_ID" name="Sàn" />
	<row table="CONTRACT" node="ENTITY2" name="Sàn_Record" type="S" />
	<row table="CONTRACT" node="EMPL_ID" name="NgânHàng" />
	<row table="CONTRACT" node="CONTACT_" name="NgânHàng_Record" type="S"/>
	<row table="CONTRACT" node="START_DATE" name="NgàyBắtĐầu" type="SDN"/>
	<row table="CONTRACT" node="END_DATE" name="NgàyKếtThúc" type="SDN"/>
	<row table="CONTRACT" node="PRICE" name="PRICE" type="N1"/>
	<row table="CONTRACT" node="PRICE1" name="PRICE1" type="N1"/>
	<row table="CONTRACT" node="PRICE2" name="PRICE2" type="N1"/>
	<row table="CONTRACT" node="PRICE3" name="PRICE3" type="N1"/>
	<row table="CONTRACT" node="PRICE4" name="PRICE4" type="N1"/>
  <row table="CONTRACT" node="PRICE5" name="PRICE5" type="N1"/>
  <row table="CONTRACT" node="PRICE6" name="PRICE6" type="N1"/>
  <row table="CONTRACT" node="PRICE7" name="PRICE7" type="N1"/>
  <row table="CONTRACT" node="PRICE8" name="PRICE8" type="N1"/>
  <row table="CONTRACT" node="PRICE9" name="PRICE9" type="N1"/>
	<row table="CONTRACT" node="TAX_RATE" name="ThuếSuất"  type="N1"/>
	<row table="CONTRACT" node="PAYMT_TERMS" name="LoạiThanhToán"/>
	<row table="CONTRACT" node="PAYMT_DESC" name="Diễngiải_TT"/>
	<row table="CONTRACT" node="REMINDER" name="ThưThôngBáo_Record" type="S"/>
	<row table="CONTRACT" node="NOTES" name="GhiChú"/>
	<row table="CONTRACT" node="ANAL_O0" name="Analysis_O0"/>
	<row table="CONTRACT" node="ANAL_O1" name="Analysis_O1"/>
	<row table="CONTRACT" node="ANAL_O2" name="Analysis_O2"/>
	<row table="CONTRACT" node="ANAL_O3" name="Analysis_O3"/>
	<row table="CONTRACT" node="ANAL_O4" name="Analysis_O4"/>
	<row table="CONTRACT" node="ANAL_O5" name="Analysis_O5"/>
	<row table="CONTRACT" node="ANAL_O6" name="Analysis_O6"/>
	<row table="CONTRACT" node="ANAL_O7" name="Analysis_O7"/>
	<row table="CONTRACT" node="ANAL_O8" name="Analysis_O8"/>
	<row table="CONTRACT" node="ANAL_O9" name="Analysis_O9"/>
	<row table="CONTRACT" node="EXT_DESC01" name="DiễnGiảiMởRộng01" />
	<row table="CONTRACT" node="EXT_DESC02" name="DiễnGiảiMởRộng02" />
	<row table="CONTRACT" node="EXT_DESC03" name="DiễnGiảiMởRộng03" />
	<row table="CONTRACT" node="EXT_DESC04" name="DiễnGiảiMởRộng04" />
	<row table="CONTRACT" node="EXT_DESC05" name="DiễnGiảiMởRộng05" />
	<row table="CONTRACT" node="EXT_DESC06" name="DiễnGiảiMởRộng06" />
	<row table="CONTRACT" node="EXT_DESC07" name="DiễnGiảiMởRộng07" />
	<row table="CONTRACT" node="EXT_DESC08" name="DiễnGiảiMởRộng08" />
	<row table="CONTRACT" node="EXT_DESC09" name="DiễnGiảiMởRộng09" />	
</SUN_SCHEMA>