﻿<?xml version="1.0" encoding="UTF-8" standalone="yes"?>
<SUN_SCHEMA>
	<row table="CONTACT1" node="CONTACT_ID" name="Mã"/>
	<row table="CONTACT1" node="FIRST_NAME" name="Họ"/>
	<row table="CONTACT1" node="MIDDLE_NAME" name="ChữLót"/>
	<row table="CONTACT1" node="LAST_NAME" name="Tên"/>	
	<row table="CONTACT1" node="DISPLAY_NAME" name="HọVàTên"/>
	<row table="CONTACT1" node="DEAR_NAME" name="TênTắt"/>
	<row table="CONTACT1" node="JOB_TITLE" name="ChứcVụ"/>
  <row table="CONTACT1" node="CREATEDDATE" name="NgàyLập"/>  
</SUN_SCHEMA>
