﻿<?xml version="1.0" encoding="utf-8" standalone="yes"?>
<SUN_SCHEMA>
	<row table="CONTRACT1" node="CONTRACT_ID" name="MãGiaoDịch"/>
  <row table="CONTRACT1" node="TITLE" name="Diễngiải" />
	<row table="CONTRACT1" node="EXT_DESC10" name="MãHợpĐồng" />
	<row table="CONTRACT1" node="CONTR_DATE" name="NgàyHợpĐồng" type="SDN"/>
	<row table="CONTRACT1" node="DEPOSIT_CONTR" name="MãĐặtCọc"/>
	<row table="CONTRACT1" node="DEPOSIT_DATE" name="NgàyĐặtCọc" type="SDN"/>
	<row table="CONTRACT1" node="TRANSFER_CONTR" name="MãChuyểnNhượng"/>
	<row table="CONTRACT1" node="TRANSFER_DATE" name="NgàyChuyểnNhượng" type="SDN"/>
	<row table="CONTRACT1" node="HANDOVER_CONTR" name="MãBànGiao"/>
	<row table="CONTRACT1" node="HANDOVER_DATE" name="NgàyBànGiao" type="SDN"/>
	<row table="CONTRACT1" node="REVOCATORY_CONTR" name="MãKếtThúc"/>
	<row table="CONTRACT1" node="REVOCATORY_DATE" name="NgàyKếtThúc" type="SDN"/>	
	<row table="CONTRACT1" node="CONTR_TYPE" name="TìnhTrạng"/>
	<row table="CONTRACT1" node="CONTR_TYPE_" name="TìnhTrạng_Record" type="S"/>
	<row table="CONTRACT1" node="CUS_ID" name="MãKháchHàng" />
	<row table="CONTRACT1" node="ENTITY1" name="KháchHàng_Record" type="S"/>
	<row table="CONTRACT1" node="SALE_ID" name="Sàn" />
	<row table="CONTRACT1" node="ENTITY2" name="Sàn_Record" type="S" />	
	<row table="CONTRACT1" node="EMPL_ID" name="NgânHàng" />
	<row table="CONTRACT1" node="CONTACT_" name="NgânHàng_Record" type="S"/>
	<row table="CONTRACT1" node="START_DATE" name="NgàyBắtĐầu" type="SDN"/>
	<row table="CONTRACT1" node="END_DATE" name="NgàyKếtThúc" type="SDN"/>
	<row table="CONTRACT1" node="PRICE" name="PRICE" type="N1"/>
	<row table="CONTRACT1" node="PRICE1" name="PRICE1" type="N1"/>
	<row table="CONTRACT1" node="PRICE2" name="PRICE2" type="N1"/>
	<row table="CONTRACT1" node="PRICE3" name="PRICE3" type="N1"/>
	<row table="CONTRACT1" node="PRICE4" name="PRICE4" type="N1"/>
  <row table="CONTRACT1" node="PRICE5" name="PRICE5" type="N1"/>
  <row table="CONTRACT1" node="PRICE6" name="PRICE6" type="N1"/>
  <row table="CONTRACT1" node="PRICE7" name="PRICE7" type="N1"/>
  <row table="CONTRACT1" node="PRICE8" name="PRICE8" type="N1"/>
  <row table="CONTRACT1" node="PRICE9" name="PRICE9" type="N1"/>
	<row table="CONTRACT1" node="TAX_RATE" name="ThuếSuất"  type="N1"/>
	<row table="CONTRACT1" node="PAYMT_TERMS" name="LoạiThanhToán"/>
	<row table="CONTRACT1" node="PAYMT_DESC" name="Diễngiải_TT"/>
	<row table="CONTRACT1" node="NOTES" name="Ghichú"/>	
</SUN_SCHEMA>