﻿<?xml version="1.0" encoding="utf-8" standalone="yes"?>
<SUN_SCHEMA>
  <row table="CONTRACT_" node="ZRE_RFMSC" name="ĐịnhNghĩaChung_Record" type="S" />
  <row table="CONTRACT_" node="CONTRACT_ID" name="MãGiaoDịch"/>
  <row table="CONTRACT_" node="TITLE" name="Diễngiải" />
  <row table="CONTRACT_" node="EXT_DESC10" name="MãHợpĐồng" />
  <row table="CONTRACT_" node="CONTR_DATE" name="NgàyHợpĐồng" type="SDN"/>
  <row table="CONTRACT_" node="DEPOSIT_CONTR" name="MãĐặtCọc"/>
  <row table="CONTRACT_" node="DEPOSIT_DATE" name="NgàyĐặtCọc" type="SDN"/>
  <row table="CONTRACT_" node="TRANSFER_CONTR" name="MãChuyểnNhượng"/>
  <row table="CONTRACT_" node="TRANSFER_DATE" name="NgàyChuyểnNhượng" type="SDN"/>
  <row table="CONTRACT_" node="HANDOVER_CONTR" name="MãBànGiao"/>
  <row table="CONTRACT_" node="HANDOVER_DATE" name="NgàyBànGiao" type="SDN"/>
  <row table="CONTRACT_" node="REVOCATORY_CONTR" name="MãKếtThúc"/>
  <row table="CONTRACT_" node="REVOCATORY_DATE" name="NgàyKếtThúc" type="SDN"/>
  <row table="CONTRACT_" node="CONTR_TYPE" name="TìnhTrạng"/>
  <row table="CONTRACT_" node="CONTR_TYPE_" name="TìnhTrạng_Record" type="S"/>
  <row table="CONTRACT_" node="CUS_ID" name="MãKháchHàng" />
  <row table="CONTRACT_" node="ENTITY1" name="KháchHàng_Record" type="S"/>
  <row table="CONTRACT_" node="MEMBER1" name="ThànhViên1_Record" type="S"/>
  <row table="CONTRACT_" node="MEMBER2" name="ThànhViên2_Record" type="S"/>
  <row table="CONTRACT_" node="MEMBER3" name="ThànhViên3_Record" type="S"/>
  <row table="CONTRACT_" node="SALE_ID" name="Sàn" />
  <row table="CONTRACT_" node="ENTITY2" name="Sàn_Record" type="S" />
  <row table="CONTRACT_" node="PROPERTY_ID" name="MãCănHộ"/>
  <row table="CONTRACT_" node="PROPERTY_" name="CănHộ_Record" type="S"/>
  <row table="CONTRACT_" node="REMINDER" name="ThưThôngBáo_Record" type="S"/>
  <row table="CONTRACT_" node="EMPL_ID" name="NgânHàng" />
  <row table="CONTRACT_" node="CONTACT_" name="NgânHàng_Record" type="S"/>
  <row table="CONTRACT_" node="START_DATE" name="NgàyBắtĐầu" type="SDN"/>
  <row table="CONTRACT_" node="END_DATE" name="NgàyKếtThúc" type="SDN"/>
  <row table="CONTRACT_" node="PRICE" name="PRICE" type="N1"/>
  <row table="CONTRACT_" node="PRICE1" name="PRICE1" type="N1"/>
  <row table="CONTRACT_" node="PRICE2" name="PRICE2" type="N1"/>
  <row table="CONTRACT_" node="PRICE3" name="PRICE3" type="N1"/>
  <row table="CONTRACT_" node="PRICE4" name="PRICE4" type="N1"/>
  <row table="CONTRACT_" node="PRICE5" name="PRICE5" type="N1"/>
  <row table="CONTRACT_" node="PRICE6" name="PRICE6" type="N1"/>
  <row table="CONTRACT_" node="PRICE7" name="PRICE7" type="N1"/>
  <row table="CONTRACT_" node="PRICE8" name="PRICE8" type="N1"/>
  <row table="CONTRACT_" node="PRICE9" name="PRICE9" type="N1"/>
  <row table="CONTRACT_" node="TAX_RATE" name="ThuếSuất"  type="N1"/>
  <row table="CONTRACT_" node="PAYMT_TERMS" name="LoạiThanhToán"/>
  <row table="CONTRACT_" node="PAYMT_DESC" name="Diễngiải_TT"/>
  <row table="CONTRACT_" node="CONTR_PAY01" name="ĐợtThanhToán_01" type="S"/>
  <row table="CONTRACT_" node="CONTR_PAY02" name="ĐợtThanhToán_02" type="S"/>
  <row table="CONTRACT_" node="CONTR_PAY03" name="ĐợtThanhToán_03" type="S"/>
  <row table="CONTRACT_" node="CONTR_PAY04" name="ĐợtThanhToán_04" type="S"/>
  <row table="CONTRACT_" node="CONTR_PAY05" name="ĐợtThanhToán_05" type="S"/>
  <row table="CONTRACT_" node="CONTR_PAY06" name="ĐợtThanhToán_06" type="S"/>
  <row table="CONTRACT_" node="CONTR_PAY07" name="ĐợtThanhToán_07" type="S"/>
  <row table="CONTRACT_" node="CONTR_PAY08" name="ĐợtThanhToán_08" type="S"/>
  <row table="CONTRACT_" node="CONTR_PAY09" name="ĐợtThanhToán_09" type="S"/>
  <row table="CONTRACT_" node="CONTR_PAY10" name="ĐợtThanhToán_10" type="S"/>
  <row table="CONTRACT_" node="NOTES" name="Ghichú"/>
  <row table="CONTRACT_" node="EXT_DESC01" name="MãCănHộChuyểnĐến" />
  <row table="CONTRACT_" node="PROPERTY__" name="CănHộChuyểnĐến_Record" type="S"/>
  <row table="CONTRACT_" node="EXT_DESC02" name="DiễnGiảiMởRộng02" />
  <row table="CONTRACT_" node="EXT_DESC03" name="DiễnGiảiMởRộng03" />
  <row table="CONTRACT_" node="EXT_DESC04" name="DiễnGiảiMởRộng04" />
  <row table="CONTRACT_" node="EXT_DESC05" name="DiễnGiảiMởRộng05" />
  <row table="CONTRACT_" node="EXT_DESC06" name="DiễnGiảiMởRộng06" />
  <row table="CONTRACT_" node="EXT_DESC07" name="DiễnGiảiMởRộng07" />
  <row table="CONTRACT_" node="EXT_DESC08" name="DiễnGiảiMởRộng08" />
  <row table="CONTRACT_" node="EXT_DESC09" name="DiễnGiảiMởRộng09" />
</SUN_SCHEMA>