﻿<?xml version="1.0" encoding="utf-8" standalone="yes"?>
<SUN_SCHEMA>
	<row table="CONTRACT2" node="CONTRACT_ID" name="MãGiaoDịch"/>
	<row table="CONTRACT2" node="TITLE" name="Diễngiải" />
	<row table="CONTRACT2" node="CONTRACT_IDORG" name="GiaoDịchGốc"/>
	<row table="CONTRACT2" node="CONTRACT_IDLAST" name="GiaoDịchTrước"/>	
	<row table="CONTRACT2" node="CUS_IDLAST" name="KháchHàngTrước"/>
	<row table="CONTRACT2" node="ENTITY4" name="KHTrước_Record" type="S" />
	<row table="CONTRACT2" node="CONTRACT_IDNEXT" name="GiaoDịchKế"/>
	<row table="CONTRACT2" node="CUS_IDNEXT" name="KháchHàngKế"/>
	<row table="CONTRACT2" node="ENTITY3" name="KHKế_Record" type="S" />
	<row table="CONTRACT2" node="EXT_DESC10" name="MãHợpĐồng" />
	<row table="CONTRACT2" node="CONTR_DATE" name="NgàyHợpĐồng" type="SDN"/>
	<row table="CONTRACT2" node="DEPOSIT_CONTR" name="MãĐặtCọc"/>
	<row table="CONTRACT2" node="DEPOSIT_DATE" name="NgàyĐặtCọc" type="SDN"/>
	<row table="CONTRACT2" node="TRANSFER_CONTR" name="MãChuyểnNhượng"/>
	<row table="CONTRACT2" node="TRANSFER_DATE" name="NgàyChuyểnNhượng" type="SDN"/>
	<row table="CONTRACT2" node="HANDOVER_CONTR" name="MãBànGiao"/>
	<row table="CONTRACT2" node="HANDOVER_DATE" name="NgàyBànGiao" type="SDN"/>
	<row table="CONTRACT2" node="REVOCATORY_CONTR" name="MãKếtThúc"/>
	<row table="CONTRACT2" node="REVOCATORY_DATE" name="NgàyKếtThúc" type="SDN"/>	
	<row table="CONTRACT2" node="CONTR_TYPE" name="TìnhTrạng"/>
	<row table="CONTRACT2" node="CONTR_TYPE_" name="TìnhTrạng_Record" type="S"/>	
	<row table="CONTRACT2" node="EMPL_ID" name="NgânHàng" />
	<row table="CONTRACT2" node="CONTACT_" name="NgânHàng_Record" type="S"/>
	<row table="CONTRACT2" node="START_DATE" name="NgàyBắtĐầu" type="SDN"/>
	<row table="CONTRACT2" node="END_DATE" name="NgàyKếtThúc" type="SDN"/>
	<row table="CONTRACT2" node="PRICE" name="PRICE" type="N1"/>
	<row table="CONTRACT2" node="PRICE1" name="PRICE1" type="N1"/>
	<row table="CONTRACT2" node="PRICE2" name="PRICE2" type="N1"/>
	<row table="CONTRACT2" node="PRICE3" name="PRICE3" type="N1"/>
	<row table="CONTRACT2" node="PRICE4" name="PRICE4" type="N1"/>
  <row table="CONTRACT2" node="PRICE5" name="PRICE5" type="N1"/>
  <row table="CONTRACT2" node="PRICE6" name="PRICE6" type="N1"/>
  <row table="CONTRACT2" node="PRICE7" name="PRICE7" type="N1"/>
  <row table="CONTRACT2" node="PRICE8" name="PRICE8" type="N1"/>
  <row table="CONTRACT2" node="PRICE9" name="PRICE9" type="N1"/>
	<row table="CONTRACT2" node="TAX_RATE" name="ThuếSuất"  type="N1"/>
	<row table="CONTRACT2" node="PAYMT_TERMS" name="LoạiThanhToán"/>
	<row table="CONTRACT2" node="PAYMT_DESC" name="Diễngiải_TT"/>
	<row table="CONTRACT2" node="NOTES" name="Ghichú"/>	
</SUN_SCHEMA>