﻿<?xml version="1.0" encoding="UTF-8" standalone="yes"?>
<SUN_SCHEMA>
	<row table="ENTITY1" node="ENTITYCODE" name="Mã"/>
	<row table="ENTITY1" node="NAME" name="Tên"/>
	<row table="ENTITY1" node="LOCAL_NAME" name="TênĐịaPhương"/>
	<row table="ENTITY1" node="DISPLAY_NAME" name="Display_Name"/>
	<row table="ENTITY1" node="DEAR_NAME" name="TênTắt"/>
	<row table="ENTITY1" node="CATEGORY" name="Loại"/>
	<row table="ENTITY1" node="TYPECODE" name="HìnhThức"/>	
	<row table="ENTITY1" node="TAXCODE" name="MãSốThuế"/>
	<row table="ENTITY1" node="DEBTOR_ACCNT" name="TàiKhoảnNợ"/>
	<row table="ENTITY1" node="CREDITOR_ACCNT" name="TàiKhoảnCó"/>
	<row table="ENTITY1" node="GROUPCODE" name="MãNhóm"/>
	<row table="ENTITY1" node="PAYMENT_TERM" name="LoạiThanhToán"/>
	<row table="ENTITY1" node="CREDITLIMIT" name="HạnMứcNợ" type="N1"/>
	<row table="ENTITY1" node="BANKNAME" name="NgânHàng1"/>
	<row table="ENTITY1" node="BANKACCOUNTNAME" name="TênTàiKhoản1"/>
	<row table="ENTITY1" node="BANKACCOUNTNUMBER" name="SốTàiKhoản1"/>
	<row table="ENTITY1" node="BANKNAME1" name="NgânHàng2"/>
	<row table="ENTITY1" node="BANKACCOUNTNAME1" name="TênTàiKhoản2"/>
	<row table="ENTITY1" node="BANKACCOUNTNUMBER1" name="SốTàiKhoản2"/>
	<row table="ENTITY1" node="BROKENAGE_TYPE" name="LoạiHoaHồng" type="N1"/>
	<row table="ENTITY1" node="BROKENAGE_PERCENT" name="TỷlệHoaHồng" type="N1"/>
	<row table="ENTITY1" node="BROKENAGE" name="MứcHoaHồng" type="N1"/>
	<row table="ENTITY1" node="IDCARD" name="SốCMND_ĐKKD"/>
	<row table="ENTITY1" node="IDCARDISSUEDATE" name="NgàyCấp" type="SDN"/>
	<row table="ENTITY1" node="IDCARDPLACE" name="NơiCấp"/>
	<row table="ENTITY1" node="BIRTHDATE" name="NgàySinh_ThànhLập" type="SDN"/>
	<row table="ENTITY1" node="PHONE" name="ĐiệnThoại"/>
	<row table="ENTITY1" node="FAX" name="Fax"/>
	<row table="ENTITY1" node="EMAIL" name="Email"/>
	<row table="ENTITY1" node="WEBSITE" name="Website"/>
	<row table="ENTITY1" node="COMPANY_ID" name="MãCôngTy"/>
	<row table="ENTITY1" node="DEPARMENT" name="Phòng"/>
	<row table="ENTITY1" node="STATUS" name="TìnhTrạng"/>
	<row table="ENTITY1" node="CONTACT_ID" name="MãĐạiDiện"/>
	<row table="ENTITY1" node="CONTACT1" name="ĐạiDiện_RECORD" type="S"/>
	<row table="ENTITY1" node="ADDRESSLINE1" name="ĐịaChỉThườngTrú1"/>
	<row table="ENTITY1" node="ADDRESSLINE2" name="ĐịaChỉThườngTrú2"/>
	<row table="ENTITY1" node="ADDRESSLINE3" name="ĐịaChỉLiênLạc1"/>
	<row table="ENTITY1" node="ADDRESSLINE4" name="ĐịaChỉLiênLạc2"/>
	<row table="ENTITY1" node="ANAL_E00" name="Analysis_E00"/>
	<row table="ENTITY1" node="ANAL_E01" name="Analysis_E01"/>
	<row table="ENTITY1" node="ANAL_E02" name="Analysis_E02"/>
	<row table="ENTITY1" node="ANAL_E03" name="Analysis_E03"/>
	<row table="ENTITY1" node="ANAL_E04" name="Analysis_E04"/>
	<row table="ENTITY1" node="ANAL_E05" name="Analysis_E05"/>
	<row table="ENTITY1" node="ANAL_E06" name="Analysis_E06"/>
	<row table="ENTITY1" node="ANAL_E07" name="Analysis_E07"/>
	<row table="ENTITY1" node="ANAL_E08" name="Analysis_E08"/>
	<row table="ENTITY1" node="ANAL_E09" name="Analysis_E09"/>
</SUN_SCHEMA>