﻿<?xml version="1.0" encoding="UTF-8" standalone="yes"?>
<SUN_SCHEMA>
  <row fromcode ="RE" lookup="(SELECT * FROM OBJ_ARLDGXXX)"/>
  <row fromcode ="ENTITY1" lookup="(SELECT * FROM LIST_ENTITIES WHERE DTB = 'XXX')"/>
  <row fromcode ="ENTITY2" lookup="(SELECT * FROM LIST_ENTITIES WHERE DTB = 'XXX')"/>
  <row fromcode ="ENTITY3" lookup="(SELECT * FROM LIST_ENTITIES WHERE DTB = 'XXX')"/>
  <row fromcode ="ENTITY4" lookup="(SELECT * FROM LIST_ENTITIES WHERE DTB = 'XXX')"/>
  <row fromcode ="PROPERTY" lookup="(SELECT * FROM LIST_PROPERTY WHERE DTB = 'XXX')"/>
  <row fromcode ="CONTRACT1" lookup="(SELECT * FROM LIST_CONTRACT WHERE DTB = 'XXX')"/>
  <row fromcode ="CONTRACT" lookup="(SELECT * FROM LIST_CONTRACT WHERE DTB = 'XXX')"/>
  <row fromcode ="PROJECT" lookup="(SELECT * FROM LIST_PROJECT WHERE DTB = 'XXX')"/>
  <row fromcode ="BRANCH_" lookup="(SELECT SITE, LOOKUP_CATEGORY, CODE, LOOKUP_ALT, DESCRIPTN, DESCRIPTN1, SUBSTRING(STATUS, 1, 5) AS STA, SUBSTRING(STATUS, 6, 10) AS DAS, 
						CREATEDBY, MODIFIEDBY, CREATEDDATE, MODIFIEDDATE
						FROM LIST_LOOKUP WHERE (DTB = 'XXX') AND (LOOKUP_CATEGORY = 'BRANCH'))"/>
  <row fromcode ="CONT_TYPE_" lookup="(SELECT SITE, LOOKUP_CATEGORY, CODE, LOOKUP_ALT, DESCRIPTN, DESCRIPTN1, SUBSTRING(STATUS, 1, 5) AS STA, SUBSTRING(STATUS, 6, 10) AS DAS, 
						CREATEDBY, MODIFIEDBY, CREATEDDATE, MODIFIEDDATE
						FROM LIST_LOOKUP WHERE (DTB = 'XXX') AND (LOOKUP_CATEGORY = 'CONT_TYPE'))"/>
  <row fromcode ="CONTR_TYPE_" lookup="(SELECT SITE, LOOKUP_CATEGORY, CODE, LOOKUP_ALT, DESCRIPTN, DESCRIPTN1, SUBSTRING(STATUS, 1, 5) AS STA, SUBSTRING(STATUS, 6, 10) AS DAS, 
						CREATEDBY, MODIFIEDBY, CREATEDDATE, MODIFIEDDATE
						FROM LIST_LOOKUP WHERE (DTB = 'XXX') AND (LOOKUP_CATEGORY = 'CONTR_TYPE'))"/>
  <row fromcode ="EV_CL_TYPE_" lookup="(SELECT SITE, LOOKUP_CATEGORY, CODE, LOOKUP_ALT, DESCRIPTN, DESCRIPTN1, SUBSTRING(STATUS, 1, 5) AS STA, SUBSTRING(STATUS, 6, 10) AS DAS, 
						CREATEDBY, MODIFIEDBY, CREATEDDATE, MODIFIEDDATE
						FROM LIST_LOOKUP WHERE (DTB = 'XXX') AND (LOOKUP_CATEGORY = 'EV_CL_TYPE'))"/>
  <row fromcode ="FEATURES_" lookup="(SELECT SITE, LOOKUP_CATEGORY, CODE, LOOKUP_ALT, DESCRIPTN, DESCRIPTN1, SUBSTRING(STATUS, 1, 5) AS STA, SUBSTRING(STATUS, 6, 10) AS DAS, 
						CREATEDBY, MODIFIEDBY, CREATEDDATE, MODIFIEDDATE
						FROM LIST_LOOKUP WHERE (DTB = 'XXX') AND (LOOKUP_CATEGORY = 'FEATURES'))"/>
  <row fromcode ="INCLUSIONS_" lookup="(SELECT SITE, LOOKUP_CATEGORY, CODE, LOOKUP_ALT, DESCRIPTN, DESCRIPTN1, SUBSTRING(STATUS, 1, 5) AS STA, SUBSTRING(STATUS, 6, 10) AS DAS, 
						CREATEDBY, MODIFIEDBY, CREATEDDATE, MODIFIEDDATE
						FROM LIST_LOOKUP WHERE (DTB = 'XXX') AND (LOOKUP_CATEGORY = 'INCLUSIONS'))"/>
  <row fromcode ="MARKET_" lookup="(SELECT SITE, LOOKUP_CATEGORY, CODE, LOOKUP_ALT, DESCRIPTN, DESCRIPTN1, SUBSTRING(STATUS, 1, 5) AS STA, SUBSTRING(STATUS, 6, 10) AS DAS, 
						CREATEDBY, MODIFIEDBY, CREATEDDATE, MODIFIEDDATE
						FROM LIST_LOOKUP WHERE (DTB = 'XXX') AND (LOOKUP_CATEGORY = 'MARKET'))"/>
  <row fromcode ="PAY_METHOD_" lookup="(SELECT SITE, LOOKUP_CATEGORY, CODE, LOOKUP_ALT, DESCRIPTN, DESCRIPTN1, SUBSTRING(STATUS, 1, 5) AS STA, SUBSTRING(STATUS, 6, 10) AS DAS, 
						CREATEDBY, MODIFIEDBY, CREATEDDATE, MODIFIEDDATE
						FROM LIST_LOOKUP WHERE (DTB = 'XXX') AND (LOOKUP_CATEGORY = 'PAY_METHOD'))"/>
  <row fromcode ="PRICE_TYPE_" lookup="(SELECT SITE, LOOKUP_CATEGORY, CODE, LOOKUP_ALT, DESCRIPTN, DESCRIPTN1, SUBSTRING(STATUS, 1, 5) AS STA, SUBSTRING(STATUS, 6, 10) AS DAS, 
						CREATEDBY, MODIFIEDBY, CREATEDDATE, MODIFIEDDATE
						FROM LIST_LOOKUP WHERE (DTB = 'XXX') AND (LOOKUP_CATEGORY = 'PRICE_TYPE'))"/>
  <row fromcode ="PRO_AGE_" lookup="(SELECT SITE, LOOKUP_CATEGORY, CODE, LOOKUP_ALT, DESCRIPTN, DESCRIPTN1, SUBSTRING(STATUS, 1, 5) AS STA, SUBSTRING(STATUS, 6, 10) AS DAS, 
						CREATEDBY, MODIFIEDBY, CREATEDDATE, MODIFIEDDATE
						FROM LIST_LOOKUP WHERE (DTB = 'XXX') AND (LOOKUP_CATEGORY = 'PRO_AGE'))"/>
  <row fromcode ="PRO_LOC_" lookup="(SELECT SITE, LOOKUP_CATEGORY, CODE, LOOKUP_ALT, DESCRIPTN, DESCRIPTN1, SUBSTRING(STATUS, 1, 5) AS STA, SUBSTRING(STATUS, 6, 10) AS DAS, 
						CREATEDBY, MODIFIEDBY, CREATEDDATE, MODIFIEDDATE
						FROM LIST_LOOKUP WHERE (DTB = 'XXX') AND (LOOKUP_CATEGORY = 'PRO_LOC'))"/>
  <row fromcode ="PRO_STATUS_" lookup="(SELECT SITE, LOOKUP_CATEGORY, CODE, LOOKUP_ALT, DESCRIPTN, DESCRIPTN1, SUBSTRING(STATUS, 1, 5) AS STA, SUBSTRING(STATUS, 6, 10) AS DAS, 
						CREATEDBY, MODIFIEDBY, CREATEDDATE, MODIFIEDDATE
						FROM LIST_LOOKUP WHERE (DTB = 'XXX') AND (LOOKUP_CATEGORY = 'PRO_STATUS'))"/>
  <row fromcode ="PRO_TYPE_" lookup="(SELECT SITE, LOOKUP_CATEGORY, CODE, LOOKUP_ALT, DESCRIPTN, DESCRIPTN1, SUBSTRING(STATUS, 1, 5) AS STA, SUBSTRING(STATUS, 6, 10) AS DAS, 
						CREATEDBY, MODIFIEDBY, CREATEDDATE, MODIFIEDDATE
						FROM LIST_LOOKUP WHERE (DTB = 'XXX') AND (LOOKUP_CATEGORY = 'PRO_TYPE'))"/>
  <row fromcode ="SALE_METH_" lookup="(SELECT SITE, LOOKUP_CATEGORY, CODE, LOOKUP_ALT, DESCRIPTN, DESCRIPTN1, SUBSTRING(STATUS, 1, 5) AS STA, SUBSTRING(STATUS, 6, 10) AS DAS, 
						CREATEDBY, MODIFIEDBY, CREATEDDATE, MODIFIEDDATE
						FROM LIST_LOOKUP WHERE (DTB = 'XXX') AND (LOOKUP_CATEGORY = 'SALE_METH'))"/>
  <row fromcode ="SERVICES_" lookup="(SELECT SITE, LOOKUP_CATEGORY, CODE, LOOKUP_ALT, DESCRIPTN, DESCRIPTN1, SUBSTRING(STATUS, 1, 5) AS STA, SUBSTRING(STATUS, 6, 10) AS DAS, 
						CREATEDBY, MODIFIEDBY, CREATEDDATE, MODIFIEDDATE
						FROM LIST_LOOKUP WHERE (DTB = 'XXX') AND (LOOKUP_CATEGORY = 'SERVICES'))"/>
  <row fromcode ="INST_" lookup="(SELECT SITE, LOOKUP_CATEGORY, CODE, LOOKUP_ALT, DESCRIPTN, DESCRIPTN1, SUBSTRING(STATUS, 1, 5) AS STA, SUBSTRING(STATUS, 6, 10) AS DAS, 
						CREATEDBY, MODIFIEDBY, CREATEDDATE, MODIFIEDDATE
						FROM LIST_LOOKUP WHERE (DTB = 'XXX') AND (LOOKUP_CATEGORY = 'INST'))"/>
  <row fromcode ="INST_OTHER_" lookup="(SELECT SITE, LOOKUP_CATEGORY, CODE, LOOKUP_ALT, DESCRIPTN, DESCRIPTN1, SUBSTRING(STATUS, 1, 5) AS STA, SUBSTRING(STATUS, 6, 10) AS DAS, 
						CREATEDBY, MODIFIEDBY, CREATEDDATE, MODIFIEDDATE
						FROM LIST_LOOKUP WHERE (DTB = 'XXX') AND (LOOKUP_CATEGORY = 'INST_OTHER'))"/>
  <row fromcode ="BANK_ACCNT_" lookup="(SELECT SITE, LOOKUP_CATEGORY, CODE, LOOKUP_ALT, DESCRIPTN, DESCRIPTN1, SUBSTRING(STATUS, 1, 5) AS STA, SUBSTRING(STATUS, 6, 10) AS DAS, 
						CREATEDBY, MODIFIEDBY, CREATEDDATE, MODIFIEDDATE
						FROM LIST_LOOKUP WHERE (DTB = 'XXX') AND (LOOKUP_CATEGORY = 'BANK_ACCNT'))"/>
  <row fromcode ="DISTRICT_" lookup="(SELECT SITE, LOOKUP_CATEGORY, CODE, LOOKUP_ALT, DESCRIPTN, DESCRIPTN1, SUBSTRING(STATUS, 1, 5) AS STA, SUBSTRING(STATUS, 6, 10) AS DAS, 
						CREATEDBY, MODIFIEDBY, CREATEDDATE, MODIFIEDDATE
						FROM LIST_LOOKUP WHERE (DTB = 'XXX') AND (LOOKUP_CATEGORY = 'DISTRICT'))"/>
  <row fromcode ="BLOCK" lookup="(SELECT * FROM LIST_BLOCK WHERE DTB = 'XXX')"/>
  <row fromcode ="PRO_FEATURES" lookup="(SELECT * FROM LIST_PROPERTY_FEATURES WHERE DTB = 'XXX')"/>
  <row fromcode ="PRO_EVENT" lookup="(SELECT * FROM LIST_PROPERTY_EVENT WHERE DTB = 'XXX')"/>
  <row fromcode ="PRO_ROOMS" lookup="(SELECT * FROM LIST_PROPERTY_ROOMS WHERE DTB = 'XXX')"/>
  <row fromcode ="ROOM_TYPE_" lookup="(SELECT * FROM LIST_ROOM_TYPE WHERE DTB = 'XXX')"/>
  <row fromcode ="CALL" lookup="(SELECT * FROM LIST_CALLS WHERE DTB = 'XXX')"/>
  <row fromcode ="LOCATION_" lookup="(SELECT * FROM LIST_LOCATION WHERE DTB = 'XXX')"/>
  <row fromcode ="CONTACT" lookup="(SELECT * FROM LIST_CONTACT WHERE DTB = 'XXX')"/>
  <row fromcode ="CONTACT1" lookup="(SELECT * FROM LIST_CONTACT WHERE DTB = 'XXX')"/>
  <row fromcode ="REMINDER" lookup="(SELECT * FROM LIST_REMINDER WHERE DTB = 'XXX')"/>
  <row fromcode ="CONTRACT_" lookup="(SELECT * FROM LIST_CONTRACT WHERE DTB = 'XXX')"/>
  <row fromcode ="MEMBER1" lookup="(SELECT * FROM LIST_MEMBER WHERE (DTB = 'XXX') AND (ISACTIVE = 1) AND (MEMBERID = 1))"/>
  <row fromcode ="MEMBER2" lookup="(SELECT * FROM LIST_MEMBER WHERE (DTB = 'XXX') AND (ISACTIVE = 1) AND (MEMBERID = 2))"/>
  <row fromcode ="MEMBER3" lookup="(SELECT * FROM LIST_MEMBER WHERE (DTB = 'XXX') AND (ISACTIVE = 1) AND (MEMBERID = 3))"/>
  <row fromcode ="CONTR_PAY01" lookup="(SELECT * FROM OBJ_ARLDGXXX WHERE (INST='01') AND (JRNAL_TYPE = 'ARJ') AND (D_C = 'D'))"/>
  <row fromcode ="CONTR_PAY02" lookup="(SELECT * FROM OBJ_ARLDGXXX WHERE (INST='02') AND (JRNAL_TYPE = 'ARJ') AND (D_C = 'D'))"/>
  <row fromcode ="CONTR_PAY03" lookup="(SELECT * FROM OBJ_ARLDGXXX WHERE (INST='03') AND (JRNAL_TYPE = 'ARJ') AND (D_C = 'D'))"/>
  <row fromcode ="CONTR_PAY04" lookup="(SELECT * FROM OBJ_ARLDGXXX WHERE (INST='04') AND (JRNAL_TYPE = 'ARJ') AND (D_C = 'D'))"/>
  <row fromcode ="CONTR_PAY05" lookup="(SELECT * FROM OBJ_ARLDGXXX WHERE (INST='05') AND (JRNAL_TYPE = 'ARJ') AND (D_C = 'D'))"/>
  <row fromcode ="CONTR_PAY06" lookup="(SELECT * FROM OBJ_ARLDGXXX WHERE (INST='06') AND (JRNAL_TYPE = 'ARJ') AND (D_C = 'D'))"/>
  <row fromcode ="CONTR_PAY07" lookup="(SELECT * FROM OBJ_ARLDGXXX WHERE (INST='07') AND (JRNAL_TYPE = 'ARJ') AND (D_C = 'D'))"/>
  <row fromcode ="CONTR_PAY08" lookup="(SELECT * FROM OBJ_ARLDGXXX WHERE (INST='08') AND (JRNAL_TYPE = 'ARJ') AND (D_C = 'D'))"/>
  <row fromcode ="CONTR_PAY09" lookup="(SELECT * FROM OBJ_ARLDGXXX WHERE (INST='09') AND (JRNAL_TYPE = 'ARJ') AND (D_C = 'D'))"/>
  <row fromcode ="CONTR_PAY10" lookup="(SELECT * FROM OBJ_ARLDGXXX WHERE (INST='10') AND (JRNAL_TYPE = 'ARJ') AND (D_C = 'D'))"/>
  <row fromcode ="CONTR_PAY11" lookup="(SELECT * FROM OBJ_ARLDGXXX WHERE (INST='11') AND (JRNAL_TYPE = 'ARJ') AND (D_C = 'D'))"/>
  <row fromcode ="CONTACT_" lookup="(SELECT * FROM LIST_CONTACT WHERE DTB = 'XXX')"/>
  <row fromcode ="PROPERTY_" lookup="(SELECT * FROM LIST_PROPERTY WHERE DTB = 'XXX')"/>
  <row fromcode ="PROPERTY__" lookup="(SELECT * FROM LIST_PROPERTY WHERE DTB = 'XXX')"/>
  <row fromcode ="PROJECT_" lookup="(SELECT * FROM LIST_PROJECT WHERE DTB = 'XXX')"/>
  <row fromcode ="BLOCK_" lookup="(SELECT * FROM LIST_BLOCK WHERE DTB = 'XXX')"/>
  <row fromcode ="LEVEL_" lookup="(SELECT * FROM LIST_LEVEL WHERE DTB = 'XXX')"/>
  <row fromcode ="LEVEL" lookup="(SELECT * FROM LIST_LEVEL WHERE DTB = 'XXX')"/>
  <row fromcode ="R0" lookup="(SELECT * FROM SSRFANV WHERE CATEGORY = 'R0' AND SUN_DB = 'XXX')"/>
  <row fromcode ="R1" lookup="(SELECT * FROM SSRFANV WHERE CATEGORY = 'R1' AND SUN_DB = 'XXX')"/>
  <row fromcode ="R2" lookup="(SELECT * FROM SSRFANV WHERE CATEGORY = 'R2' AND SUN_DB = 'XXX')"/>
  <row fromcode ="R3" lookup="(SELECT * FROM SSRFANV WHERE CATEGORY = 'R3' AND SUN_DB = 'XXX')"/>
  <row fromcode ="R4" lookup="(SELECT * FROM SSRFANV WHERE CATEGORY = 'R4' AND SUN_DB = 'XXX')"/>
  <row fromcode ="R5" lookup="(SELECT * FROM SSRFANV WHERE CATEGORY = 'R5' AND SUN_DB = 'XXX')"/>
  <row fromcode ="R6" lookup="(SELECT * FROM SSRFANV WHERE CATEGORY = 'R6' AND SUN_DB = 'XXX')"/>
  <row fromcode ="R7" lookup="(SELECT * FROM SSRFANV WHERE CATEGORY = 'R7' AND SUN_DB = 'XXX')"/>
  <row fromcode ="R8" lookup="(SELECT * FROM SSRFANV WHERE CATEGORY = 'R8' AND SUN_DB = 'XXX')"/>
  <row fromcode ="R9" lookup="(SELECT * FROM SSRFANV WHERE CATEGORY = 'R9' AND SUN_DB = 'XXX')"/>
  <row fromcode ="CONTRACT2" lookup="(SELECT * FROM LIST_CONTRACT WHERE DTB = 'XXX')"/>
  <row fromcode ="PROJECT2" lookup="(SELECT * FROM LIST_PROJECT WHERE DTB = 'XXX')"/>
  <row fromcode ="BLOCK2" lookup="(SELECT * FROM LIST_BLOCK WHERE DTB = 'XXX')"/>
  <row fromcode ="LEVEL2" lookup="(SELECT * FROM LIST_LEVEL WHERE DTB = 'XXX')"/>
  <row fromcode ="BLOCK3" lookup="(SELECT * FROM LIST_BLOCK WHERE DTB = 'XXX')"/>
  <row fromcode ="ENTITY" lookup="(SELECT * FROM LIST_ENTITIES WHERE DTB = 'XXX')"/>
  <row fromcode ="E00" lookup="(SELECT * FROM SSRFANV WHERE CATEGORY = 'E00' AND SUN_DB = 'XXX')"/>
  <row fromcode ="E01" lookup="(SELECT * FROM SSRFANV WHERE CATEGORY = 'E01' AND SUN_DB = 'XXX')"/>
  <row fromcode ="E02" lookup="(SELECT * FROM SSRFANV WHERE CATEGORY = 'E02' AND SUN_DB = 'XXX')"/>
  <row fromcode ="E03" lookup="(SELECT * FROM SSRFANV WHERE CATEGORY = 'E03' AND SUN_DB = 'XXX')"/>
  <row fromcode ="E04" lookup="(SELECT * FROM SSRFANV WHERE CATEGORY = 'E04' AND SUN_DB = 'XXX')"/>
  <row fromcode ="E05" lookup="(SELECT * FROM SSRFANV WHERE CATEGORY = 'E05' AND SUN_DB = 'XXX')"/>
  <row fromcode ="E06" lookup="(SELECT * FROM SSRFANV WHERE CATEGORY = 'E06' AND SUN_DB = 'XXX')"/>
  <row fromcode ="E07" lookup="(SELECT * FROM SSRFANV WHERE CATEGORY = 'E07' AND SUN_DB = 'XXX')"/>
  <row fromcode ="E08" lookup="(SELECT * FROM SSRFANV WHERE CATEGORY = 'E08' AND SUN_DB = 'XXX')"/>
  <row fromcode ="E09" lookup="(SELECT * FROM SSRFANV WHERE CATEGORY = 'E09' AND SUN_DB = 'XXX')"/>
  <row fromcode ="ZRE_RFMSC" lookup="(SELECT TVC_DB, LOOKUP, CREATEDBY, MODIFIEDBY, CREATEDDATE, MODIFIEDDATE, RTRIM(SUBSTRING(KEY_FIELDS, 1, 3)) as DB, 
						RTRIM(SUBSTRING(TVC_DATA, 1, 15)) as PROFORMA_INTERFACE, RTRIM(SUBSTRING(TVC_DATA, 16, 15)) as SALEINV_INTERFACE, 
						RTRIM(SUBSTRING(TVC_DATA, 31, 15)) as CJ_INTERFACE, RTRIM(SUBSTRING(TVC_DATA, 46, 15)) as PROFORMA_SEQ, 
						RTRIM(SUBSTRING(TVC_DATA, 61, 15)) as INV_PREFIX, RTRIM(SUBSTRING(TVC_DATA, 76, 15)) as UPDATE_CONVRATE, 
						RTRIM(SUBSTRING(TVC_DATA, 91, 15)) as RATE, RTRIM(SUBSTRING(TVC_DATA, 106, 15)) as OFFDAYS, 
						RTRIM(SUBSTRING(TVC_DATA, 121, 15)) as DEPOSITDAYS, RTRIM(SUBSTRING(TVC_DATA, 136, 15)) as TIME_LOCK 
						FROM LIST_RFMSC WHERE TVC_DB = 'XXX' AND TVC_TB = 'ZRE')"/>


  <row fromcode ="CONTRACT_\CONTR_TYPE_" lookup = "CONTRACT_.CONTR_TYPE = CONTR_TYPE_.CODE"/>
  <row fromcode ="CONTRACT_\ZRE_RFMSC" lookup = "CONTRACT_.DTB = ZRE_RFMSC.DB"/>
  <row fromcode ="CONTRACT_\ENTITY1" lookup = "CONTRACT_.CUS_ID = ENTITY1.ENTITYCODE"/>
  <row fromcode ="ENTITY1\CONTACT1" lookup = "ENTITY1.CONTACT_ID = CONTACT1.CONTACT_ID"/>
  <row fromcode ="CONTRACT_\MEMBER1" lookup = "CONTRACT_.CONTRACT_ID = MEMBER1.CONTRACT_ID"/>
  <row fromcode ="CONTRACT_\MEMBER2" lookup = "CONTRACT_.CONTRACT_ID = MEMBER2.CONTRACT_ID"/>
  <row fromcode ="CONTRACT_\MEMBER3" lookup = "CONTRACT_.CONTRACT_ID = MEMBER3.CONTRACT_ID"/>
  <row fromcode ="CONTRACT_\ENTITY2" lookup = "CONTRACT_.SALE_ID = ENTITY2.ENTITYCODE"/>
  <row fromcode ="CONTRACT_\PROPERTY_" lookup = "CONTRACT_.PROPERTY_ID = PROPERTY_.PROPERTY_ID"/>
  <row fromcode ="CONTRACT_\PROPERTY__" lookup = "CONTRACT_.EXT_DESC01 = PROPERTY__.PROPERTY_ID"/>
  <row fromcode ="PROPERTY_\PROJECT_" lookup = "PROPERTY_.PROJECT_ID = PROJECT_.PROJECT_ID"/>
  <row fromcode ="PROPERTY_\BLOCK_" lookup = "PROPERTY_.BLOCK_ID = BLOCK_.BLOCK_ID"/>
  <row fromcode ="PROPERTY_\LEVEL_" lookup = "PROPERTY_.LEVEL_ID = LEVEL_.LEVEL_ID"/>
  <row fromcode ="PROPERTY_\PRO_TYPE_" lookup = "PROPERTY_.PROP_TYPE = PRO_TYPE_.CODE"/>
  <row fromcode ="PROPERTY_\BRANCH_" lookup = "PROPERTY_.BRANCH = BRANCH_.CODE"/>
  <row fromcode ="CONTRACT_\CONTACT_" lookup = "CONTRACT_.EMPL_ID = CONTACT_.CONTACT_ID"/>
  <row fromcode ="CONTRACT_\CONTR_PAY01" lookup = "CONTRACT_.CONTRACT_ID = CONTR_PAY01.CONTRACT_ID"/>
  <row fromcode ="CONTRACT_\CONTR_PAY02" lookup = "CONTRACT_.CONTRACT_ID = CONTR_PAY02.CONTRACT_ID"/>
  <row fromcode ="CONTRACT_\CONTR_PAY03" lookup = "CONTRACT_.CONTRACT_ID = CONTR_PAY03.CONTRACT_ID"/>
  <row fromcode ="CONTRACT_\CONTR_PAY04" lookup = "CONTRACT_.CONTRACT_ID = CONTR_PAY04.CONTRACT_ID"/>
  <row fromcode ="CONTRACT_\CONTR_PAY05" lookup = "CONTRACT_.CONTRACT_ID = CONTR_PAY05.CONTRACT_ID"/>
  <row fromcode ="CONTRACT_\CONTR_PAY06" lookup = "CONTRACT_.CONTRACT_ID = CONTR_PAY06.CONTRACT_ID"/>
  <row fromcode ="CONTRACT_\CONTR_PAY07" lookup = "CONTRACT_.CONTRACT_ID = CONTR_PAY07.CONTRACT_ID"/>
  <row fromcode ="CONTRACT_\CONTR_PAY08" lookup = "CONTRACT_.CONTRACT_ID = CONTR_PAY08.CONTRACT_ID"/>
  <row fromcode ="CONTRACT_\CONTR_PAY09" lookup = "CONTRACT_.CONTRACT_ID = CONTR_PAY09.CONTRACT_ID"/>
  <row fromcode ="CONTRACT_\CONTR_PAY10" lookup = "CONTRACT_.CONTRACT_ID = CONTR_PAY10.CONTRACT_ID"/>
  <row fromcode ="PROPERTY\PROJECT" lookup = "PROPERTY.PROJECT_ID = PROJECT.PROJECT_ID"/>
  <row fromcode ="PROPERTY\BLOCK" lookup = "PROPERTY.BLOCK_ID = BLOCK.BLOCK_ID"/>
  <row fromcode ="PROPERTY\LEVEL" lookup = "PROPERTY.LEVEL_ID = LEVEL.LEVEL_ID"/>
  <row fromcode ="PROPERTY\PRO_TYPE_" lookup = "PROPERTY.PROP_TYPE = PRO_TYPE_.CODE"/>
  <row fromcode ="PROPERTY\BRANCH_" lookup = "PROPERTY.BRANCH = BRANCH_.CODE"/>
  <row fromcode ="PROPERTY\CONTRACT1" lookup = "PROPERTY.CONTR_NO = CONTRACT1.CONTRACT_ID"/>
  <row fromcode ="CONTRACT1\CONTR_TYPE_" lookup = "CONTRACT1.CONTR_TYPE = CONTR_TYPE_.CODE"/>
  <row fromcode ="CONTRACT1\ENTITY1" lookup = "CONTRACT1.CUS_ID = ENTITY1.ENTITYCODE"/>
  <row fromcode ="CONTRACT1\ENTITY2" lookup = "CONTRACT1.SALE_ID = ENTITY2.ENTITYCODE"/>
  <row fromcode ="CONTRACT1\CONTACT_" lookup = "CONTRACT1.EMPL_ID = CONTACT_.CONTACT_ID"/>
  <row fromcode ="PROPERTY\REMINDER" lookup = "PROPERTY.CONTR_NO = REMINDER.CONTRACT_ID"/>
  <row fromcode ="PROPERTY\P0" lookup = "PROPERTY.ANAL_P0 = P0.CODE"/>
  <row fromcode ="PROPERTY\P1" lookup = "PROPERTY.ANAL_P1 = P1.CODE"/>
  <row fromcode ="PROPERTY\P2" lookup = "PROPERTY.ANAL_P2 = P2.CODE"/>
  <row fromcode ="PROPERTY\P3" lookup = "PROPERTY.ANAL_P3 = P3.CODE"/>
  <row fromcode ="PROPERTY\P4" lookup = "PROPERTY.ANAL_P4 = P4.CODE"/>
  <row fromcode ="PROPERTY\P5" lookup = "PROPERTY.ANAL_P5 = P5.CODE"/>
  <row fromcode ="PROPERTY\P6" lookup = "PROPERTY.ANAL_P6 = P6.CODE"/>
  <row fromcode ="PROPERTY\P7" lookup = "PROPERTY.ANAL_P7 = P7.CODE"/>
  <row fromcode ="PROPERTY\P8" lookup = "PROPERTY.ANAL_P8 = P8.CODE"/>
  <row fromcode ="PROPERTY\P9" lookup = "PROPERTY.ANAL_P9 = P9.CODE"/>
  <row fromcode ="PROPERTY\PRO_LOC_" lookup = "PROPERTY.PROP_LOCATION = PRO_LOC_.CODE"/>
  <row fromcode ="PROPERTY\PRICE_TYPE_" lookup = "PROPERTY.PRICE_TYPE = PRICE_TYPE_.CODE"/>
  <row fromcode ="PROPERTY\PRO_AGE_" lookup = "PROPERTY.AGE = PRO_AGE_.CODE"/>
  <row fromcode ="PROPERTY\PRO_STATUS_" lookup = "PROPERTY.STATUS = PRO_STATUS_.CODE"/>
  <row fromcode ="PROPERTY\SALE_METH_" lookup = "PROPERTY.SALE_METHOD = SALE_METH_.CODE"/>
  <row fromcode ="CONTRACT\ENTITY3" lookup = "CONTRACT.CUS_IDNEXT = ENTITY3.ENTITYCODE"/>
  <row fromcode ="CONTRACT\CONTR_TYPE_" lookup = "CONTRACT.CONTR_TYPE = CONTR_TYPE_.CODE"/>
  <row fromcode ="CONTRACT\ENTITY1" lookup = "CONTRACT.CUS_ID = ENTITY1.ENTITYCODE"/>
  <row fromcode ="CONTRACT\PROPERTY_" lookup = "CONTRACT.PROPERTY_ID = PROPERTY_.PROPERTY_ID"/>
  <row fromcode ="CONTRACT\ENTITY2" lookup = "CONTRACT.SALE_ID = ENTITY2.ENTITYCODE"/>
  <row fromcode ="CONTRACT\CONTACT_" lookup = "CONTRACT.EMPL_ID = CONTACT_.CONTACT_ID"/>
  <row fromcode ="CONTRACT\REMINDER" lookup = "CONTRACT.CONTRACT_ID = REMINDER.CONTRACT_ID"/>
  <row fromcode ="RE\ENTITY1" lookup = "RE.CLIENT_ID = ENTITY1.ENTITYCODE"/>
  <row fromcode ="RE\ENTITY2" lookup = "RE.AGENT_ID = ENTITY2.ENTITYCODE"/>
  <row fromcode ="RE\PROPERTY_" lookup = "RE.PROPERTY_ID = PROPERTY_.PROPERTY_ID"/>
  <row fromcode ="RE\CONTRACT2" lookup = "RE.CONTRACT_ID = CONTRACT2.CONTRACT_ID"/>
  <row fromcode ="CONTRACT2\ENTITY4" lookup = "CONTRACT2.CUS_IDLAST = ENTITY4.ENTITYCODE"/>
  <row fromcode ="CONTRACT2\ENTITY3" lookup = "CONTRACT2.CUS_IDNEXT = ENTITY3.ENTITYCODE"/>
  <row fromcode ="CONTRACT2\CONTR_TYPE_" lookup = "CONTRACT2.CONTR_TYPE = CONTR_TYPE_.CODE"/>
  <row fromcode ="CONTRACT2\CONTACT_" lookup = "CONTRACT2.EMPL_ID = CONTACT_.CONTACT_ID"/>
  <row fromcode ="RE\REMINDER" lookup = "RE.CONTRACT_ID = REMINDER.CONTRACT_ID AND RE.INST=REMINDER.INST"/>
  <row fromcode ="RE\R0" lookup = "RE.ANAL_R0 = R0.CODE"/>
  <row fromcode ="RE\R1" lookup = "RE.ANAL_R1 = R1.CODE"/>
  <row fromcode ="RE\R2" lookup = "RE.ANAL_R2 = R2.CODE"/>
  <row fromcode ="RE\R3" lookup = "RE.ANAL_R3 = R3.CODE"/>
  <row fromcode ="RE\R4" lookup = "RE.ANAL_R4 = R4.CODE"/>
  <row fromcode ="RE\R5" lookup = "RE.ANAL_R5 = R5.CODE"/>
  <row fromcode ="RE\R6" lookup = "RE.ANAL_R6 = R6.CODE"/>
  <row fromcode ="RE\R7" lookup = "RE.ANAL_R7 = R7.CODE"/>
  <row fromcode ="RE\R8" lookup = "RE.ANAL_R8 = R8.CODE"/>
  <row fromcode ="RE\R9" lookup = "RE.ANAL_R9 = R9.CODE"/>
  <row fromcode ="RE\INST_" lookup = "RE.INST = INST_.CODE"/>
  <row fromcode ="RE\INST_OTHER_" lookup = "RE.INST_OTHER = INST_OTHER_.CODE"/>
  <row fromcode ="RE\BANK_ACCNT_" lookup = "RE.BANK_ACCNT = BANK_ACCNT_.CODE"/>
  <row fromcode ="BLOCK2\PROJECT2" lookup = "BLOCK2.PROJECT_ID = PROJECT2.PROJECT_ID"/>
  <row fromcode ="LEVEL2\BLOCK3" lookup = "LEVEL2.BLOCK_ID = BLOCK3.BLOCK_ID"/>
  <row fromcode ="LEVEL2\PROJECT2" lookup = "LEVEL2.PROJECT_ID = PROJECT2.PROJECT_ID"/>
  <row fromcode ="ENTITY\CONTACT1" lookup = "ENTITY.CONTACT_ID = CONTACT1.CONTACT_ID"/>
  <row fromcode ="ENTITY\E00" lookup = "ENTITY.ANAL_E00 = E00.CODE"/>
  <row fromcode ="ENTITY\E01" lookup = "ENTITY.ANAL_E01 = E01.CODE"/>
  <row fromcode ="ENTITY\E02" lookup = "ENTITY.ANAL_E02 = E02.CODE"/>
  <row fromcode ="ENTITY\E03" lookup = "ENTITY.ANAL_E03 = E03.CODE"/>
  <row fromcode ="ENTITY\E04" lookup = "ENTITY.ANAL_E04 = E04.CODE"/>
  <row fromcode ="ENTITY\E05" lookup = "ENTITY.ANAL_E05 = E05.CODE"/>
  <row fromcode ="ENTITY\E06" lookup = "ENTITY.ANAL_E06 = E06.CODE"/>
  <row fromcode ="ENTITY\E07" lookup = "ENTITY.ANAL_E07 = E07.CODE"/>
  <row fromcode ="ENTITY\E08" lookup = "ENTITY.ANAL_E08 = E08.CODE"/>
  <row fromcode ="ENTITY\E09" lookup = "ENTITY.ANAL_E09 = E09.CODE"/>
  <row fromcode ="PROJECT\DISTRICT_" lookup = "PROJECT.DISTRICT = DISTRICT_.CODE"/>
  <row fromcode ="PROJECT_\DISTRICT_" lookup = "PROJECT_.DISTRICT = DISTRICT_.CODE"/>
  <row fromcode ="PROJECT2\DISTRICT_" lookup = "PROJECT2.DISTRICT = DISTRICT_.CODE"/>
  <row fromcode ="RE\ZRE_RFMSC" lookup = "RE.DTB = ZRE_RFMSC.TVC_DB"/>
</SUN_SCHEMA>