﻿<?xml version="1.0" encoding="UTF-8" standalone="yes"?>
<SUN_SCHEMA>
	<row table="LEVEL2" node="LEVEL_ID" name="Mã"/>
	<row table="LEVEL2" node="LEVEL_NAME" name="TênLôĐất_Tầng"/>
	<row table="LEVEL2" node="SHORT_NAME" name="TênTắt"/>
	<row table="LEVEL2" node="BLOCK_ID" name="MãKhuĐất/Block"/>
	<row table="LEVEL2" node="BLOCK3" name="KhuĐất/Block_Record" type="S"/>
	<row table="LEVEL2" node="PROJECT_ID" name="MãDựÁn"/>
	<row table="LEVEL2" node="PROJECT2" name="DựÁn_Record" type="S"/>
	<row table="LEVEL2" node="REFERENCE_NO_1" name="SốThamChiếu_1"/>
	<row table="LEVEL2" node="REFERENCE_NO_2" name="SốThamChiếu_2"/>
	<row table="LEVEL2" node="LEVEL_STATUS" name="TìnhTrạng"/>
	<row table="LEVEL2" node="LEVEL_TOTAL_AREA" name="DiệnTích" type="N1"/>
	<row table="LEVEL2" node="LEVEL_USED_AREA" name="DiệnTíchSửDụng" type="N1"/>
	<row table="LEVEL2" node="PROPERTY_NUMBER" name="SốBĐS" type="N1"/>
	<row table="LEVEL2" node="REMARKS" name="GhiChú"/>
</SUN_SCHEMA>