﻿<?xml version="1.0" encoding="UTF-8" standalone="yes"?>
<SUN_SCHEMA>
	<row table="LEVEL" node="LEVEL_ID" name="Mã"/>
	<row table="LEVEL" node="LEVEL_NAME" name="TênLôĐất_Tầng"/>
	<row table="LEVEL" node="SHORT_NAME" name="TênTắt"/>
	<row table="LEVEL" node="REFERENCE_NO_1" name="SốThamChiếu_1"/>
	<row table="LEVEL" node="REFERENCE_NO_2" name="SốThamChiếu_2"/>
	<row table="LEVEL" node="LEVEL_STATUS" name="TìnhTrạng"/>
	<row table="LEVEL" node="LEVEL_TOTAL_AREA" name="DiệnTích" type="N1"/>
	<row table="LEVEL" node="LEVEL_USED_AREA" name="DiệnTíchSửDụng" type="N1"/>
	<row table="LEVEL" node="PROPERTY_NUMBER" name="SốBĐS" type="N1"/>
	<row table="LEVEL" node="REMARKS" name="GhiChú"/>
</SUN_SCHEMA>