﻿<?xml version="1.0" encoding="UTF-8" standalone="yes"?>
<SUN_SCHEMA>
	<row table="MEMBER3" node="DISPLAY_NAME" name="HọvàTên"/>
	<row table="MEMBER3" node="TITLE" name="ChứcVụ"/>	
	<row table="MEMBER3" node="ADDRESS1" name="ĐịaChỉThườngTrú1"/>
	<row table="MEMBER3" node="ADDRESS2" name="ĐịaChỉThườngTrú2"/>
	<row table="MEMBER3" node="ADDRESS3" name="ĐịaChỉLiênLạc1"/>
	<row table="MEMBER3" node="ADDRESS4" name="ĐịaChỉLiênLạc2"/>
	<row table="MEMBER3" node="H_PHONE" name="ĐiệnThoại"/>
	<row table="MEMBER3" node="H_FAX" name="Fax"/>
	<row table="MEMBER3" node="EMAIL" name="Email"/>
	<row table="MEMBER3" node="SEX" name="GiớiTính"/>
	<row table="MEMBER3" node="IDCARD" name="SốCMND"/>
	<row table="MEMBER3" node="IDCARDISSUEDATE" name="NgàyCấp" type="SDN"/>
	<row table="MEMBER3" node="IDCARDPLACE" name="NơiCấp"/>
	<row table="MEMBER3" node="BIRTHDATE" name="NgàySinh" type="SDN"/>
	<row table="MEMBER3" node="TAXCODE" name="MãSốThuế"/>
</SUN_SCHEMA>
