﻿<?xml version="1.0" encoding="UTF-8" standalone="yes"?>
<SUN_SCHEMA>
	<row table="PROJECT2" node="PROJECT_ID" name="Mã"/>
	<row table="PROJECT2" node="PROJECT_NAME" name="TênDựÁn"/>
	<row table="PROJECT2" node="SHORT_NAME" name="TênTắt"/>
	<row table="PROJECT2" node="REFERENCE_NO_1" name="SốThamChiếu_1"/>
	<row table="PROJECT2" node="REFERENCE_NO_2" name="SốThamChiếu_2"/>
	<row table="PROJECT2" node="DEVELOPER" name="CtyPhátTriển"/>
	<row table="PROJECT2" node="PROJECT_LICENSE_NO" name="SốGiấyPhépDựÁn"/>
	<row table="PROJECT2" node="PROJECT_ISSUE_DATE" name="NgàyCấpDA" type="SDN"/>
	<row table="PROJECT2" node="INVESTMENT_LICENSE_NO" name="SốGiấyPhépĐầuTư"/>
	<row table="PROJECT2" node="INVESTMENT_ISSUE_DATE" name="NgàyCấpĐT" type="SDN"/>
	<row table="PROJECT2" node="CONSTRUCTION_LICENSE_TO" name="SốGiấyPhépXâyDựng"/>
	<row table="PROJECT2" node="CONSTRUCTION_ISSUE_DATE" name="NgàyCấpXD" type="SDN"/>
	<row table="PROJECT2" node="LAND_USE_LICENSE_NO" name="SốGiấyPhépSDĐất"/>
	<row table="PROJECT2" node="LAND_USE_ISSUE_DATE" name="NgàyCấpSDĐ" type="SDN"/>
	<row table="PROJECT2" node="CONSTRUCTOR_NAME" name="CtyXâyDựng"/>
	<row table="PROJECT2" node="DESIGN_COMPANY" name="CtyThiếtKế"/>
	<row table="PROJECT2" node="SUPERVISOR_COMPANY" name="CtyGiámSát"/>
	<row table="PROJECT2" node="PROJECT_MGMNT_COMPANY" name="CtyQuảnLý"/>
	<row table="PROJECT2" node="PLANNING_COMPANY" name="CtyKếHoạch"/>
	<row table="PROJECT2" node="FREE_AREA" name="DiệnTíchChưaSD" type="N1"/>
	<row table="PROJECT2" node="CONSTRUCTION_AREA" name="DiệnTíchXD" type="N1"/>
	<row table="PROJECT2" node="NET_FLOOR_AREA" name="DiệnTíchSàn" type="N1"/>
	<row table="PROJECT2" node="PUBLIC_AREA" name="DiệnTíchCôngCộng" type="N1"/>
	<row table="PROJECT2" node="PROJECT_AREA" name="TổngDiệnTíchDựÁn" type="N1"/>
	<row table="PROJECT2" node="CONSTRUCTION_RATE" name="MậtĐộXD" type="N1"/>
	<row table="PROJECT2" node="PROPERTY_NUMBER" name="SốLượngBĐS" type="N1"/>
	<row table="PROJECT2" node="BLOCK_NUMBER" name="SốLượngBlock" type="N1"/>
	<row table="PROJECT2" node="PROJECT_HEIGHT" name="ChiềuCao" type="N1"/>
	<row table="PROJECT2" node="PROJECT_START_DATE" name="NgàyBắtĐầu" type="SDN"/>
	<row table="PROJECT2" node="PROJECT_END_DATE" name="NgàyKếtThúc" type="SDN"/>
	<row table="PROJECT2" node="PROJECT_HANDOVER_DATE" name="NgàyBànGiao" type="SDN"/>
	<row table="PROJECT2" node="DISTRICT" name="Quận"/>
  <row table="PROJECT2" node="DISTRICT_" name="Quận_Record" type="S"/>
	<row table="PROJECT2" node="ADDRESSLINE1" name="ĐịaChỉ1"/>
	<row table="PROJECT2" node="ADDRESSLINE2" name="ĐịaChỉ2"/>
	<row table="PROJECT2" node="REMARKS" name="GhiChú"/>
</SUN_SCHEMA>
