﻿<?xml version="1.0" encoding="UTF-8" standalone="yes"?>
<SUN_SCHEMA>
  <row table="PROJECT_" node="PROJECT_ID" name="Mã"/>
  <row table="PROJECT_" node="PROJECT_NAME" name="TênDựÁn"/>
  <row table="PROJECT_" node="SHORT_NAME" name="TênTắt"/>
  <row table="PROJECT_" node="FREE_AREA" name="DiệnTíchChưaSD" type="N1"/>
  <row table="PROJECT_" node="PROJECT_LICENSE_NO" name="SốGiấyPhépDựÁn"/>
  <row table="PROJECT_" node="PROJECT_ISSUE_DATE" name="NgàyCấpDA" type="SDN"/>
  <row table="PROJECT_" node="SUPERVISOR_COMPANY" name="CtyGiámSát"/>
  <row table="PROJECT_" node="CONSTRUCTION_AREA" name="DiệnTíchXD" type="N1"/>
  <row table="PROJECT_" node="NET_FLOOR_AREA" name="DiệnTíchSàn" type="N1"/>
  <row table="PROJECT_" node="PUBLIC_AREA" name="DiệnTíchCôngCộng" type="N1"/>
  <row table="PROJECT_" node="PROJECT_AREA" name="TổngDiệnTíchDựÁn" type="N1"/>
  <row table="PROJECT_" node="CONSTRUCTION_RATE" name="MậtĐộXD" type="N1"/>
  <row table="PROJECT_" node="PROPERTY_NUMBER" name="SốLượngBĐS" type="N1"/>
  <row table="PROJECT_" node="BLOCK_NUMBER" name="SốLượngBlock" type="N1"/>
  <row table="PROJECT_" node="PROJECT_HEIGHT" name="ChiềuCao" type="N1"/>
  <row table="PROJECT_" node="PROJECT_START_DATE" name="NgàyBắtĐầu" type="SDN"/>
  <row table="PROJECT_" node="PROJECT_END_DATE" name="NgàyKếtThúc" type="SDN"/>
  <row table="PROJECT_" node="PROJECT_HANDOVER_DATE" name="NgàyBànGiao" type="SDN"/>
  <row table="PROJECT_" node="DISTRICT" name="Quận"/>
  <row table="PROJECT_" node="DISTRICT_" name="Quận_Record" type="S"/>
  <row table="PROJECT_" node="ADDRESSLINE1" name="ĐịaChỉ1"/>
  <row table="PROJECT_" node="ADDRESSLINE2" name="ĐịaChỉ2"/>
  <row table="PROJECT_" node="REMARKS" name="GhiChú"/>
</SUN_SCHEMA>
