﻿<?xml version="1.0" encoding="utf-8" standalone="yes"?>
<SUN_SCHEMA>
	<row table="PROPERTY__" node="PROPERTY_ID" name="Mã"/>
	<row table="PROPERTY__" node="CAPTION" name="TênCănHộ" />
	<row table="PROPERTY__" node="PROJECT_ID" name="MãDựÁn"/>
	<row table="PROPERTY__" node="PROJECT_" name="DựÁn_Record" type="S"/>
	<row table="PROPERTY__" node="BLOCK_ID" name="Block"/>
	<row table="PROPERTY__" node="BLOCK_" name="Block_Record" type="S"/>
	<row table="PROPERTY__" node="LEVEL_ID" name="LôĐất_Tầng"/>
	<row table="PROPERTY__" node="LEVEL_" name="LôĐất_Record" type="S"/>
	<row table="PROPERTY__" node="MARKET" name="ThịTrường"/>
	<row table="PROPERTY__" node="PROP_TYPE" name="Loại" />
	<row table="PROPERTY__" node="PRO_TYPE_" name="Loại_Record" type="S"/>
	<row table="PROPERTY__" node="PRICE" name="GiáBán" type="N1"/>
	<row table="PROPERTY__" node="PRICE1" name="GiáCănHộ" type="N1"/>
	<row table="PROPERTY__" node="PRICE2" name="ThuếSuất" type="N1"/>
	<row table="PROPERTY__" node="PRICE3" name="TiềnThuế" type="N1"/>
	<row table="PROPERTY__" node="PRICE4" name="TiềnĐấtKoThuế" type="N1"/>
	<row table="PROPERTY__" node="PRICE5" name="ĐơnGiá" type="N1"/>
  <row table="PROPERTY__" node="PRICE6" name="PRICE6" type="N1"/>
  <row table="PROPERTY__" node="PRICE7" name="PRICE7" type="N1"/>
  <row table="PROPERTY__" node="PRICE8" name="PRICE8" type="N1"/>
  <row table="PROPERTY__" node="PRICE9" name="PRICE9" type="N1"/>
	<row table="PROPERTY__" node="AGE" name="TuổiCănHộ" />
	<row table="PROPERTY__" node="STATUS" name="TìnhTrạng"/>
	<row table="PROPERTY__" node="AG_RECV_DATE" name="NgàyNhận" type="SDN"/>
	<row table="PROPERTY__" node="AG_EXPR_DATE" name="NgàyHếtHạn" type="SDN"/>
	<row table="PROPERTY__" node="SALE_METHOD" name="PhươngThứcBán" />
	<row table="PROPERTY__" node="BRANCH" name="ChiNhánh"/>
	<row table="PROPERTY__" node="BRANCH_" name="ChiNhánh_Record" type="S"/>
	<row table="PROPERTY__" node="NOTES" name="GhiChú"/>
	<row table="PROPERTY__" node="STREET" name="Đường" />
	<row table="PROPERTY__" node="TOWN_CITY" name="ThànhPhố" />
	<row table="PROPERTY__" node="COUNTRY_STATE" name="Bang" />
	<row table="PROPERTY__" node="BUILT" name="NămXâyDụng"/>
	<row table="PROPERTY__" node="FLOOR_NO" name="TầngSố"/>
	<row table="PROPERTY__" node="ROOM_NO" name="CănHộSố"/>
	<row table="PROPERTY__" node="LENGHT" name="ChiềuDài" type="N1"/>
	<row table="PROPERTY__" node="WIDTH" name="ChiềuRộng" type="N1"/>
	<row table="PROPERTY__" node="HEIGHT" name="ChiềuCao" type="N1"/>
	<row table="PROPERTY__" node="DIRECTION" name="Hướng"/>
	<row table="PROPERTY__" node="ROAD_BOUNDARY" name="LộGiới"/>
	<row table="PROPERTY__" node="PLOT_AREA" name="DiệnTíchKhuôngViên" type="N1"/>
	<row table="PROPERTY__" node="PLOT_AREA_UNIT" name="ĐVT" />
	<row table="PROPERTY__" node="FLOOR_AREA" name="DiệnTíchXâyDựng" type="N1"/>
	<row table="PROPERTY__" node="FLOOR_AREA_UNIT" name="ĐVT"/>
	<row table="PROPERTY__" node="FLOORS" name="SốTầng" type="N1"/>
	<row table="PROPERTY__" node="BATHROOMS" name="SốPhòngTắm" type="N1"/>
	<row table="PROPERTY__" node="BEDROOMS" name="SốPhòngNgủ" type="N1"/>
	<row table="PROPERTY__" node="GARAGES" name="Garages" type="N1"/>
	<row table="PROPERTY__" node="TARGET_CLOSING_DATE" name="NgàyĐếnHạn" type="SDN"/>
	<row table="PROPERTY__" node="ANAL_P0" name="Anal_P0"/>
	<row table="PROPERTY__" node="ANAL_P1" name="Anal_P1"/>
	<row table="PROPERTY__" node="ANAL_P2" name="Anal_P2"/>
	<row table="PROPERTY__" node="ANAL_P3" name="Anal_P3"/>
	<row table="PROPERTY__" node="ANAL_P4" name="Anal_P4"/>
	<row table="PROPERTY__" node="ANAL_P5" name="Anal_P5"/>
	<row table="PROPERTY__" node="ANAL_P6" name="Anal_P6"/>
	<row table="PROPERTY__" node="ANAL_P7" name="Anal_P7"/>
	<row table="PROPERTY__" node="ANAL_P8" name="Anal_P8"/>
	<row table="PROPERTY__" node="ANAL_P9" name="Anal_P9"/>
</SUN_SCHEMA>