﻿<?xml version="1.0" encoding="UTF-8" standalone="yes"?>
<SUN_SCHEMA>
	<row table="PROPERTY" node="PROPERTY_ID" name="MãCănHộ"/>
	<row table="PROPERTY" node="CAPTION" name="TênCănHộ" />
	<row table="PROPERTY" node="PROJECT_ID" name="MãDựÁn"/>
	<row table="PROPERTY" node="PROJECT" name="DựÁn_Record" type="S"/>
	<row table="PROPERTY" node="BLOCK_ID" name="Block"/>
	<row table="PROPERTY" node="BLOCK" name="Block_Record" type="S"/>
	<row table="PROPERTY" node="LEVEL_ID" name="LôĐất/Tầng"/>
	<row table="PROPERTY" node="LEVEL" name="LôĐất_Record" type="S"/>
	<row table="PROPERTY" node="MARKET" name="ThịTrường"/>
	<row table="PROPERTY" node="PROP_TYPE" name="Loại" />
	<row table="PROPERTY" node="PRO_TYPE_" name="Loại_Record" type="S"/>
	<row table="PROPERTY" node="IS_PROMOTE" name="KhuyếnMãi"/>
	<row table="PROPERTY" node="PRICE_TYPE" name="LoạiGiá"/>
	<row table="PROPERTY" node="PRICE" name="GiáBán" type="N1"/>
	<row table="PROPERTY" node="PRICE1" name="GiáCănHộ" type="N1"/>
	<row table="PROPERTY" node="PRICE2" name="ThuếSuất" type="N1"/>
	<row table="PROPERTY" node="PRICE3" name="TiềnThuế" type="N1"/>
	<row table="PROPERTY" node="PRICE4" name="TiềnĐấtKoThuế" type="N1"/>
	<row table="PROPERTY" node="PRICE5" name="ĐơnGiá" type="N1"/>
  <row table="PROPERTY" node="PRICE6" name="PRICE6" type="N1"/>
  <row table="PROPERTY" node="PRICE7" name="PRICE7" type="N1"/>
  <row table="PROPERTY" node="PRICE8" name="PRICE8" type="N1"/>
  <row table="PROPERTY" node="PRICE9" name="PRICE9" type="N1"/>
	<row table="PROPERTY" node="STATUS" name="TìnhTrạng"/>
	<row table="PROPERTY" node="AG_RECV_DATE" name="NgàyNhận" type="SDN"/>
	<row table="PROPERTY" node="AG_EXPR_DATE" name="NgàyHếtHạn" type="SDN"/>
	<row table="PROPERTY" node="SALE_METHOD" name="PhươngThứcBán" />
	<row table="PROPERTY" node="BRANCH" name="ChiNhánh"/>
	<row table="PROPERTY" node="BRANCH_" name="ChiNhánh_Record" type="S"/>
	<row table="PROPERTY" node="NEGOTIATOR" name="NhânViênGiaoDịch"/>
	<row table="PROPERTY" node="NOTES" name="GhiChú"/>
	<row table="PROPERTY" node="STREET" name="Đường" />
	<row table="PROPERTY" node="TOWN_CITY" name="ThànhPhố" />
	<row table="PROPERTY" node="COUNTRY_STATE" name="Bang" />
	<row table="PROPERTY" node="DESCRIPTN" name="DiễnGiải"/>
	<row table="PROPERTY" node="SHORT_DESC" name="TómLược"/>
	<row table="PROPERTY" node="BUILT" name="NămXâyDựng"/>
	<row table="PROPERTY" node="FLOOR_NO" name="TầngSố"/>
	<row table="PROPERTY" node="ROOM_NO" name="CănHộSố"/>
	<row table="PROPERTY" node="LENGHT" name="ChiềuDài" type="N1"/>
	<row table="PROPERTY" node="WIDTH" name="ChiềuRộng" type="N1"/>
	<row table="PROPERTY" node="HEIGHT" name="ChiềuCao" type="N1"/>
	<row table="PROPERTY" node="DIRECTION" name="Hướng"/>
	<row table="PROPERTY" node="ROAD_BOUNDARY" name="LộGiới"/>
	<row table="PROPERTY" node="PLOT_AREA" name="DiệnTíchKhuôngViên" type="N1"/>
	<row table="PROPERTY" node="FLOOR_AREA" name="DiệnTíchXâyDựng" type="N1"/>
	<row table="PROPERTY" node="FLOORS" name="SốTầng" type="N1"/>
	<row table="PROPERTY" node="BATHROOMS" name="SốPhòngTắm" type="N1"/>
	<row table="PROPERTY" node="BEDROOMS" name="SốPhòngNgủ" type="N1"/>
	<row table="PROPERTY" node="GARAGES" name="Garages" type="N1"/>
	<row table="PROPERTY" node="TARGET_CLOSING_DATE" name="NgàyĐếnHạn" type="SDN"/>
	<row table="PROPERTY" node="CONTR_NO" name="MãGiaoDịch"/>
	<row table="PROPERTY" node="CONTRACT1" name="HợpĐồng_Record" type="S"/>
	<row table="PROPERTY" node="REMINDER" name="ThưThôngBáo_Record" type="S"/>
	<row table="PROPERTY" node="ANAL_P0" name="Anal_P0"/>
	<row table="PROPERTY" node="ANAL_P1" name="Anal_P1"/>
	<row table="PROPERTY" node="ANAL_P2" name="Anal_P2"/>
	<row table="PROPERTY" node="ANAL_P3" name="Anal_P3"/>
	<row table="PROPERTY" node="ANAL_P4" name="Anal_P4"/>
	<row table="PROPERTY" node="ANAL_P5" name="Anal_P5"/>
	<row table="PROPERTY" node="ANAL_P6" name="Anal_P6"/>
	<row table="PROPERTY" node="ANAL_P7" name="Anal_P7"/>
	<row table="PROPERTY" node="ANAL_P8" name="Anal_P8"/>
	<row table="PROPERTY" node="ANAL_P9" name="Anal_P9"/>
	<row table="PROPERTY" node="EXT_DESC01" name="DiễnGiảiMởRộng01"/>
	<row table="PROPERTY" node="EXT_DESC02" name="DiễnGiảiMởRộng02"/>
	<row table="PROPERTY" node="EXT_DESC03" name="DiễnGiảiMởRộng03"/>
	<row table="PROPERTY" node="EXT_DESC04" name="DiễnGiảiMởRộng04"/>
	<row table="PROPERTY" node="EXT_DESC05" name="DiễnGiảiMởRộng05"/>
	<row table="PROPERTY" node="EXT_DESC06" name="DiễnGiảiMởRộng06"/>
	<row table="PROPERTY" node="EXT_DESC07" name="DiễnGiảiMởRộng07"/>
	<row table="PROPERTY" node="EXT_DESC08" name="DiễnGiảiMởRộng08"/>
	<row table="PROPERTY" node="EXT_DESC09" name="DiễnGiảiMởRộng09"/>
	<row table="PROPERTY" node="EXT_DESC10" name="DiễnGiảiMởRộng10"/>
</SUN_SCHEMA>
