﻿<?xml version="1.0" encoding="utf-8" standalone="yes"?>
<SUN_SCHEMA>
	<row table="PROPERTY_" node="PROPERTY_ID" name="Mã"/>
	<row table="PROPERTY_" node="CAPTION" name="TênCănHộ" />
	<row table="PROPERTY_" node="PROJECT_ID" name="MãDựÁn"/>
	<row table="PROPERTY_" node="PROJECT_" name="DựÁn_Record" type="S"/>
	<row table="PROPERTY_" node="BLOCK_ID" name="Block"/>
	<row table="PROPERTY_" node="BLOCK_" name="Block_Record" type="S"/>
	<row table="PROPERTY_" node="LEVEL_ID" name="LôĐất_Tầng"/>
	<row table="PROPERTY_" node="LEVEL_" name="LôĐất_Record" type="S"/>
	<row table="PROPERTY_" node="MARKET" name="ThịTrường"/>
	<row table="PROPERTY_" node="PROP_TYPE" name="Loại" />
	<row table="PROPERTY_" node="PRO_TYPE_" name="Loại_Record" type="S"/>
	<row table="PROPERTY_" node="PRICE" name="GiáBán" type="N1"/>
	<row table="PROPERTY_" node="PRICE1" name="GiáCănHộ" type="N1"/>
	<row table="PROPERTY_" node="PRICE2" name="ThuếSuất" type="N1"/>
	<row table="PROPERTY_" node="PRICE3" name="TiềnThuế" type="N1"/>
	<row table="PROPERTY_" node="PRICE4" name="TiềnĐấtKoThuế" type="N1"/>
	<row table="PROPERTY_" node="PRICE5" name="ĐơnGiá" type="N1"/>
  <row table="PROPERTY_" node="PRICE6" name="PRICE6" type="N1"/>
  <row table="PROPERTY_" node="PRICE7" name="PRICE7" type="N1"/>
  <row table="PROPERTY_" node="PRICE8" name="PRICE8" type="N1"/>
  <row table="PROPERTY_" node="PRICE9" name="PRICE9" type="N1"/>
	<row table="PROPERTY_" node="AGE" name="TuổiCănHộ" />
	<row table="PROPERTY_" node="STATUS" name="TìnhTrạng"/>
	<row table="PROPERTY_" node="AG_RECV_DATE" name="NgàyNhận" type="SDN"/>
	<row table="PROPERTY_" node="AG_EXPR_DATE" name="NgàyHếtHạn" type="SDN"/>
	<row table="PROPERTY_" node="SALE_METHOD" name="PhươngThứcBán" />
	<row table="PROPERTY_" node="BRANCH" name="ChiNhánh"/>
	<row table="PROPERTY_" node="BRANCH_" name="ChiNhánh_Record" type="S"/>
	<row table="PROPERTY_" node="NOTES" name="GhiChú"/>
	<row table="PROPERTY_" node="STREET" name="Đường" />
	<row table="PROPERTY_" node="TOWN_CITY" name="ThànhPhố" />
	<row table="PROPERTY_" node="COUNTRY_STATE" name="Bang" />
	<row table="PROPERTY_" node="BUILT" name="NămXâyDụng"/>
	<row table="PROPERTY_" node="FLOOR_NO" name="TầngSố"/>
	<row table="PROPERTY_" node="ROOM_NO" name="CănHộSố"/>
	<row table="PROPERTY_" node="LENGHT" name="ChiềuDài" type="N1"/>
	<row table="PROPERTY_" node="WIDTH" name="ChiềuRộng" type="N1"/>
	<row table="PROPERTY_" node="HEIGHT" name="ChiềuCao" type="N1"/>
	<row table="PROPERTY_" node="DIRECTION" name="Hướng"/>
	<row table="PROPERTY_" node="ROAD_BOUNDARY" name="LộGiới"/>
	<row table="PROPERTY_" node="PLOT_AREA" name="DiệnTíchKhuôngViên" type="N1"/>
	<row table="PROPERTY_" node="PLOT_AREA_UNIT" name="ĐVT" />
	<row table="PROPERTY_" node="FLOOR_AREA" name="DiệnTíchXâyDựng" type="N1"/>
	<row table="PROPERTY_" node="FLOOR_AREA_UNIT" name="ĐVT"/>
	<row table="PROPERTY_" node="FLOORS" name="SốTầng" type="N1"/>
	<row table="PROPERTY_" node="BATHROOMS" name="SốPhòngTắm" type="N1"/>
	<row table="PROPERTY_" node="BEDROOMS" name="SốPhòngNgủ" type="N1"/>
	<row table="PROPERTY_" node="GARAGES" name="Garages" type="N1"/>
	<row table="PROPERTY_" node="TARGET_CLOSING_DATE" name="NgàyĐếnHạn" type="SDN"/>
	<row table="PROPERTY_" node="ANAL_P0" name="Anal_P0"/>
	<row table="PROPERTY_" node="ANAL_P1" name="Anal_P1"/>
	<row table="PROPERTY_" node="ANAL_P2" name="Anal_P2"/>
	<row table="PROPERTY_" node="ANAL_P3" name="Anal_P3"/>
	<row table="PROPERTY_" node="ANAL_P4" name="Anal_P4"/>
	<row table="PROPERTY_" node="ANAL_P5" name="Anal_P5"/>
	<row table="PROPERTY_" node="ANAL_P6" name="Anal_P6"/>
	<row table="PROPERTY_" node="ANAL_P7" name="Anal_P7"/>
	<row table="PROPERTY_" node="ANAL_P8" name="Anal_P8"/>
	<row table="PROPERTY_" node="ANAL_P9" name="Anal_P9"/>
</SUN_SCHEMA>