﻿<?xml version="1.0" encoding="UTF-8" standalone="yes"?>
<SUN_SCHEMA>
  <row table="RE" node="CLIENT_ID" name="KháchHàng" />
  <row table="RE" node="ENTITY1" name="KháchHàng_Record" type="S"/>
  <row table="RE" node="AGENT_ID" name="Sale"/>
  <row table="RE" node="ENTITY2" name="Sàn_Record" type="S"/>
  <row table="RE" node="PROPERTY_ID" name="CănHộ" />
  <row table="RE" node="PROPERTY_" name="CănHộ_Record" type="S" />
  <row table="RE" node="CONTRACT_ID" name="MãGiaoDịch" />
  <row table="RE" node="CONTRACT2" name="GiaoDịch_Record" type="S"/>
  <row table="RE" node="REMINDER" name="ThôngBáo_Record" type="S"/>
  <row table="RE" node="PROF_INV_NO" name="Proforma#" />
  <row table="RE" node="PROF_INV_DATE" name="Prof_inv_date" type="SDN"/>
  <row table="RE" node="INVOICE_NO" name="SốHóaĐơn" />
  <row table="RE" node="INVOICE_DATE" name="NgàyHóaĐơn" type="SDN"/>
  <row table="RE" node="ACCNT_CODE" name="TàiKhoản"/>
  <row table="RE" node="PERIOD" name="Kỳ" type="SPN"/>
  <row table="RE" node="TRANS_DATE" name="NgàyGiaoDịch" type="SDN"/>
  <row table="RE" node="JRNAL_NO" name="SốNhậtKý" type="N1"/>
  <row table="RE" node="JRNAL_LINE" name="Dòng" type="N1"/>
  <row table="RE" node="AMOUNT" name="SốTiền" type="N"/>
  <row table="RE" node="D_C" name="D_C"/>
  <row table="RE" node="ALLOCATION" name="PhânBổ"/>
  <row table="RE" node="JRNAL_TYPE" name="LoạiNhậtKý" />
  <row table="RE" node="JRNAL_SRCE" name="NgườiTạo"/>
  <row table="RE" node="TREFERENCE" name="SốChứngTừ"/>
  <row table="RE" node="DESCRIPTN" name="DiễnGiải"/>
  <row table="RE" node="ENTRY_DATE" name="NgàyNhập" type="SDN"/>
  <row table="RE" node="ENTRY_PRD" name="KỳNhập" type="SPN"/>
  <row table="RE" node="DUE_DATE" name="NgàyĐếnHạn" type="SDN"/>
  <row table="RE" node="DUE_DATE_ORG" name="NgàyĐếnHạnGốc" type="SDN"/>
  <row table="RE" node="ALLOC_REF" name="SốPhânBổ" type="N1"/>
  <row table="RE" node="ALLOC_DATE" name="NgàyPhânBổ" type="SDN"/>
  <row table="RE" node="ALLOC_PERIOD" name="KỳPhânBổ" type="SPN"/>
  <row table="RE" node="ASSET_IND" name="Asset_Indicator"/>
  <row table="RE" node="ASSET_CODE" name="Asset_Code"/>
  <row table="RE" node="CONV_CODE" name="MãTiềnTệ"/>
  <row table="RE" node="CONV_RATE" name="TỷGiá" type="N1"/>
  <row table="RE" node="OTHER_AMT" name="NgoạiTệ" type="N"/>
  <row table="RE" node="REVERSAL" name="Reversal"/>
  <row table="RE" node="INST" name="ĐợtThanhToán"/>
  <row table="RE" node="INST_" name="ĐợtThanhToán_Record" type="S"/>
  <row table="RE" node="INST_OTHER" name="LoạiThanhToán"/>
  <row table="RE" node="INST_OTHER_" name="LoạiThanhToán_Record" type="S"/>
  <row table="RE" node="BANK_ACCNT" name="TàiKhoảnNH"/>
  <row table="RE" node="BANK_ACCNT_" name="TàiKhoảnNH_Record" type="S"/>
  <row table="RE" node="OFFDAYS" name="SốNgàyMiễnLãi" type="N1"/>
  <row table="RE" node="EFFECTIVE_DATE" name="NgàyBĐTínhLãi" type="SDN"/>
  <row table="RE" node="LAST_DATE" name="NgàyTrảLãiCuối" type="SDN"/>
  <row table="RE" node="DAYS" name="SốNgàyTínhLãi" type="N1"/>
  <row table="RE" node="RATE" name="LãiSuất" type="N1"/>
  <row table="RE" node="STATUS" name="Lãi_ChiếtKhấu"/>
  <row table="RE" node="STATUS1" name="ThựcThu_Chi"/>
  <row table="RE" node="STATUS2" name="STATUS2"/>
  <row table="RE" node="STATUS3" name="STATUS3"/>
  <row table="RE" node="STATUS4" name="STATUS4"/>
  <row table="RE" node="ANAL_R0" name="Analysis_R0"/>
  <row table="RE" node="R0" name="Analysis_R0_Table" type="S"/>
  <row table="RE" node="ANAL_R1" name="Analysis_R1"/>
  <row table="RE" node="R1" name="Analysis_R2_Table" type="S"/>
  <row table="RE" node="ANAL_R2" name="Analysis_R2"/>
  <row table="RE" node="R2" name="Analysis_R2_Table" type="S"/>
  <row table="RE" node="ANAL_R3" name="Analysis_R3"/>
  <row table="RE" node="R3" name="Analysis_R3_Table" type="S"/>
  <row table="RE" node="ANAL_R4" name="Analysis_R4"/>
  <row table="RE" node="R4" name="Analysis_R4_Table" type="S"/>
  <row table="RE" node="ANAL_R5" name="Analysis_R5"/>
  <row table="RE" node="R5" name="Analysis_R5_Table" type="S"/>
  <row table="RE" node="ANAL_R6" name="Analysis_R6"/>
  <row table="RE" node="R6" name="Analysis_R6_Table" type="S"/>
  <row table="RE" node="ANAL_R7" name="Analysis_R7"/>
  <row table="RE" node="R7" name="Analysis_R7_Table" type="S"/>
  <row table="RE" node="ANAL_R8" name="Analysis_R8"/>
  <row table="RE" node="R8" name="Analysis_R8_Table" type="S"/>
  <row table="RE" node="ANAL_R9" name="Analysis_R9"/>
  <row table="RE" node="R9" name="Analysis_R9_Table" type="S"/>
  <row table="RE" node="EXT_DESC01" name="Diễn Giải Bổ Sung 01"/>
  <row table="RE" node="EXT_DESC02" name="Diễn Giải Bổ Sung 02"/>
  <row table="RE" node="EXT_DESC03" name="Diễn Giải Bổ Sung 03"/>
  <row table="RE" node="EXT_DESC04" name="Diễn Giải Bổ Sung 04"/>
  <row table="RE" node="EXT_DESC05" name="Diễn Giải Bổ Sung 05"/>
  <row table="RE" node="EXT_DESC06" name="Diễn Giải Bổ Sung 06"/>
  <row table="RE" node="POSTING_DATE" name="NgàyPost" type="SDN"/>
  <row table="RE" node="ZRE_RFMSC" name="ĐịnhNghĩaChung" type="S"/>
</SUN_SCHEMA>