﻿<?xml version="1.0" encoding="UTF-8" standalone="yes"?>
<SUN_SCHEMA>
	<row table="REMINDER" node="INST" name="Đợt"/>
	<row table="REMINDER" node="REMINDER_ID" name="LầnNhắcNợ"/>
	<row table="REMINDER" node="REMINDER_TYPE" name="Loại"/>
  <row table="REMINDER" node="REMINDER_DATE" name="NgàyNhắcNợ" type="SDN"/>
	<row table="REMINDER" node="PROPERTY_ID" name="MãCănHộ"/>
	<row table="REMINDER" node="CONTRACT_ID" name="MãGiaoDịch"/>
	<row table="REMINDER" node="DESCRIPTION" name="DiễnGiải"/>
	<row table="REMINDER" node="INST_AMT" name="GiáTrịĐợt"/>
</SUN_SCHEMA>
