﻿<?xml version="1.0" encoding="UTF-8" standalone="yes"?>
<SUN_SCHEMA>
	<row table="RE" Description="Giao Dịch Thu Chi" module="RE"/>
	<row table="PROPERTY" Description="Bất Động Sản" module="PROPERTY"/>
	<row table="CONTRACT" Description="Hợp Đồng" module="CONTRACT"/>
	<row table="CONTRACT_" Description="In Hợp Đồng" module="CONTRACT_"/>
	<row table="PROJECT2" Description="Dự Án" module="PROJECT2"/>
	<row table="BLOCK2" Description="Khu Đất/Block " module="BLOCK2"/>
	<row table="LEVEL2" Description="Lô Đất/Tầng " module="LEVEL2"/>
  <row table="ENTITY" Description="Danh mục các thực thể" module="ENTITY"/>
</SUN_SCHEMA>